Date,CPI YoY,CPI YoY forecasts,Core CPI,CPI rent YoY,Avg pork price,Avg fish price,Avg vegetable price,Avg fruit price,95 petrol price,Electric power consumption,Wholesale price YoY,Average salary YoY,M1B YoY,M2 YoY,TWSE,USDTWD
2000/1/31,0.51,,0.41,-0.053441642,50.36,80.2,14.37407407,28.18888889,18.2,6.95,1.22,4.453652548,23.55535203,9.191667973,9744.89,30.7
2000/2/29,0.92,,0.5,-0.085470085,44.43,87.9,14.895,24.64,18.6,6.48,0.92,3.46615549,17.57507778,7.646955043,9435.94,30.73
2000/3/31,1.12,,0.68,0.021374372,41.84,79.3,15.47777778,22.87777778,19.1,7.59,0.85,3.523716142,21.22399525,8.49416377,9854.95,30.43
2000/4/30,1.23,,0.66,0.032061558,44.66,81.4,14.772,23.792,19.1,7.59,1.21,2.72092317,17.20415378,7.52537933,8777.35,30.62
2000/5/31,1.59,,0.8,0.085524909,51.31,81.2,17.37777778,21.53703704,19.1,8.31,2.14,2.673279303,13.90981905,6.898079621,8939.52,30.81
2000/6/30,1.36,,0.73,0.032061558,50.85,82.1,17.47692308,18.35384615,19.6,8.52,2.65,2.77324633,7.033486679,6.204827932,8265.09,30.8
2000/7/31,1.45,,0.77,0.053447354,50.88,78.5,21.975,24.95714286,19.6,8.34,2.66,2.623959464,8.431024513,6.018598055,8114.92,31.07
2000/8/31,0.27,,0.46,0.117672229,51.34,76.7,20.892,20.412,19.3,8.49,2.17,2.42603016,7.111922946,6.338415267,7616.98,31.07
2000/9/30,1.62,,0.85,0.384944397,50.56,72.5,26.356,23.388,20.2,8.33,1.87,3.593325809,2.824800847,6.139736948,6185.14,31.33
2000/10/31,1.01,,0.79,0.470789643,46.14,70.7,18.85925926,25.16296296,20.5,8.75,1.86,2.596350102,2.421585817,6.396632696,5544.18,32.36
2000/11/30,2.25,,0.79,0.385150316,42.46,64.8,27.21538462,25.16538462,20.2,7.73,2.39,1.560731518,2.145335005,6.780725088,5256.93,33.07
2000/12/31,1.64,,0.74,0.406460584,40.7,69.1,20.61111111,29.14444444,20.2,7.69,1.85,0.800258907,-0.335198505,6.496382956,4739.09,33.08
2001/1/31,2.36,,2.21,0.342209389,40.73,74.9,15.0375,29.7875,20.2,6.93,1.56,0.146924863,-3.329363908,6.073043758,5936.2,32.38
2001/2/28,-1.02,,-0.97,0.342172797,40.61,69.8,12.79565217,25.31304348,20.2,6.87,0.45,3.498861048,-3.800237597,6.050354856,5674.69,32.35
2001/3/31,0.43,,0.61,0.235067849,40.14,69.9,12.48888889,27.09259259,20.2,7.72,-0.28,1.923873794,-5.843002164,5.244910695,5797.92,32.84
2001/4/30,0.43,,0.34,0.032051282,39.89,71.3,16.072,21.888,20,7.5,-0.28,0.946017856,-6.505887754,4.856784982,5381.67,32.91
2001/5/31,-0.22,,0.2,0.021362957,38.55,70.6,14.91851852,23.12222222,20,8.08,-1.31,0.739278982,-5.191940405,5.69267035,5048.86,33.9
2001/6/30,-0.15,,-0.28,-0.010683761,40.6,69.4,18.1,24.236,19.5,8.66,-0.31,0.884773663,-1.662011617,6.477445706,4883.43,34.43
2001/7/31,0.1,,-0.1,0.010683761,42.09,65.7,19.62592593,24.98518519,19.5,8.86,-0.23,2.124845706,-0.778013535,6.550767692,4352.98,34.75
2001/8/31,0.45,,-0.02,-0.053424511,44.32,66.1,23.91111111,27.28888889,19.5,8.47,-0.72,2.906344588,-1.228074249,6.400937001,4509.44,34.55
2001/9/30,-0.51,,-0.85,-0.394120153,40.96,68.7,28.78,27.936,19.5,8,-1.52,1.257324578,3.678465737,6.397976183,3636.94,34.55
2001/10/31,0.98,,-0.54,-0.457933972,38.53,64.6,32.24230769,28.11923077,19.5,8.45,-2.9,1.424768146,4.389146849,5.622602204,3903.49,34.53
2001/11/30,-1.14,,-0.61,-0.511563466,37.73,61.5,20.35,27.38846154,19.2,7.71,-5,2.044108159,6.70485437,4.781573671,4441.12,34.46
2001/12/31,-1.68,,-0.66,-0.735059124,37.47,67.8,12.28461538,27.16923077,18.2,7.55,-5.32,1.952657541,11.88289057,4.311084514,5551.24,34.95
2002/1/31,-1.68,,-0.97,-0.799317915,40.56,70,11.81111111,29.58148148,18.2,7.59,-3.63,2.840292245,11.23544816,3.516107436,5872.14,34.89
2002/2/28,1.42,,2.08,-0.916453538,40.04,80.5,11.635,28.24,18.2,6.22,-2.11,-0.23769698,16.46910809,4.26370124,5696.11,35.11
2002/3/31,0.01,,0.29,-0.92740646,37.67,73.5,12.63333333,24.84074074,18.2,7.85,-0.41,0.801486816,17.38101116,4.292524495,6167.47,34.95
2002/4/30,0.21,,0.59,-0.779664637,37.07,74.1,15.196,19.08,19.2,8.08,0.46,2.345809172,20.38894358,4.570840211,6065.73,34.71
2002/5/31,-0.26,,0.52,-0.897052542,41.36,73.5,14.33333333,18.62962963,19.2,9.19,0.27,1.915036693,21.5048274,3.995301082,5675.65,33.97
2002/6/30,0.11,,0.86,-0.886846885,46.25,71,17.124,22.532,18.2,8.57,-1.36,1.08679817,18.72816951,3.443415175,5153.71,33.54
2002/7/31,0.43,,0.72,-1.014848841,46.98,70.1,21.49230769,22.26923077,18.2,9.19,-1.92,0.109355665,17.7049585,2.732872625,4940.38,33.75
2002/8/31,-0.27,,0.58,-0.983536455,48.75,69.7,20.36538462,21.89615385,19.2,9.29,-0.79,-0.31126849,19.60645184,2.70283254,4764.94,34.24
2002/9/30,-0.77,,1.01,-0.994546038,46.1,68.7,16.37916667,20.675,19.6,8.8,0.48,0.555426312,15.98522005,2.168296085,4191.81,34.86
2002/10/31,-1.7,,0.77,-1.091259228,45.67,68.5,15.76666667,21.04814815,20,8.94,2.17,0.190377293,16.57950011,2.482735318,4579.14,34.66
2002/11/30,-0.56,,0.74,-1.006963042,47.37,64.1,16.23461538,22.15769231,20,8.52,3.09,-0.517315706,15.01650533,3.049216685,4646.69,34.81
2002/12/31,0.78,,0.74,-0.976604422,48.17,68.4,17.41153846,23.22692308,20.3,8.19,4.64,0.372172917,9.266652871,2.526260372,4452.45,34.64
2003/1/31,1.08,,0.34,-0.977653631,49.77,76,18.73571429,24.56071429,20.8,7.85,4.49,-0.028531484,11.85421837,3.814675758,5015.16,34.73
2003/2/28,-1.52,,-1.82,-0.946440095,46.25,73,12.34210526,22.41052632,21.6,7.03,5.58,0.497117308,6.261741244,2.330514927,4432.46,34.75
2003/3/31,-0.19,,-0.2,-0.989885948,45.83,73.8,13.61538462,24.63846154,21.6,8.49,5.12,-0.233348698,5.214791596,1.832458153,4321.22,34.75
2003/4/30,-0.12,,-0.18,-1.022604952,46.7,74.8,14.712,22.504,19.8,8.54,2.68,-0.635247661,6.19525313,2.253195844,4148.07,34.85
2003/5/31,0.32,,-0.38,-0.969827586,50.42,73.1,14.57037037,23.24074074,19.8,8.76,2.04,-0.929485341,8.874319371,3.096494622,4555.9,34.71
2003/6/30,-0.56,,-0.91,-1.013367831,53.27,72.6,15.736,21.504,19.8,9.01,1.95,-0.011529371,9.46512311,2.463634795,4872.15,34.64
2003/7/31,-0.99,,-0.8,-1.036045759,59.46,70.1,16.12962963,19.36666667,19.8,9.58,2.47,1.103860638,13.10220401,4.001044172,5318.34,34.42
2003/8/31,-0.59,,-0.48,-1.090477219,59.03,69.5,18.72692308,19.21538462,20.8,9.64,2.19,-0.03437509,14.31035957,4.51051164,5650.83,34.07
2003/9/30,-0.21,,-0.63,-1.069345431,58.24,67.7,19.18,20.08461538,20.3,9.87,0.66,0.818415801,17.77591323,5.139978577,5611.41,33.74
2003/10/31,-0.06,,-0.68,-1.005949162,58.48,69.3,21.56666667,22.73333333,20.3,9.31,0,0.598836875,18.70807993,5.527607958,6045.12,33.98
2003/11/30,-0.46,,-0.54,-0.995563251,57.52,64.6,15.73461538,23.16923077,19.8,8.83,1.17,0.49689441,18.34024011,5.287131745,5771.77,34.21
2003/12/31,-0.06,,-0.32,-0.888696218,57.57,69.3,18.49615385,26.91153846,20.3,9.14,1.57,0.362236167,19.32488029,5.679185548,5890.69,33.96
2004/1/31,0.01,,0.4,-0.781165238,58.09,76.2,13.92916667,28.60416667,21.6,7.95,2.46,-0.522275179,17.99295865,5.903335814,6375.38,33.39
2004/2/29,0.64,,0.01,-0.836047774,60.22,75.8,16.38333333,28.93333333,21.6,7.84,2.21,2.283038197,22.27266376,7.073658315,6750.54,33.37
2004/3/31,0.89,,0.08,-0.738969789,58.48,77.6,14.71538462,31.20384615,22.2,9.49,2.72,1.3456152,24.88840186,8.194257174,6522.19,33.02
2004/4/30,0.95,,0.25,-0.728656879,57.35,76.6,15.096,23.796,22.2,9.16,4.89,1.094312455,24.19333598,8.538888148,6117.81,33.37
2004/5/31,0.91,,0.69,-0.729053319,56.36,77.5,14.26538462,20.78461538,22.2,9.24,6.94,1.557884983,20.73427284,7.722174335,5977.84,33.38
2004/6/30,1.73,,1.26,-0.762361141,59.94,77.4,15.524,22.684,22.2,10.29,7.57,0.766791583,19.26209981,7.879466076,5839.44,33.78
2004/7/31,3.32,,1.34,-0.687022901,63.43,76,26.65555556,24.8,22.6,9.99,9.38,-0.335503682,19.45221799,7.593382761,5420.57,34.14
2004/8/31,2.55,,1.1,-0.5894553,67.11,76.5,21.95769231,27.68461538,22.6,10.24,10.44,0.4269708,17.56241738,6.896890895,5765.54,34.05
2004/9/30,2.79,,1.06,-0.567747571,63.79,74.7,27.725,27.0875,23.2,10.35,11.38,0.64540187,16.64286216,6.811804208,5845.69,33.98
2004/10/31,2.39,,1.05,-0.44798951,58.68,74.8,21.1037037,27.77037037,23.2,9.58,11.85,0.666819301,14.8113705,6.805176589,5705.93,33.44
2004/11/30,1.52,,0.88,-0.459066565,55.33,67.6,14.452,24.204,23.2,9.42,8.77,1.322333055,13.4512498,6.803698884,5844.76,32.21
2004/12/31,1.62,,1.09,-0.404592674,56.46,75.3,16.33703704,26.11481481,22.9,9.74,6.02,0.892375025,12.43993437,7.185972913,6139.69,31.74
2005/1/31,0.49,,-0.19,-0.393657736,59.67,77,16.88461538,28.77692308,22.9,8.52,4.01,2.051296764,8.694666513,5.838327803,5994.23,31.75
2005/2/28,1.93,,1.99,-0.218986094,57.25,82.9,14.92,31.605,22.9,7.29,2.61,-1.373587065,9.088423686,6.006315638,6207.83,31.08
2005/3/31,2.3,,1.22,-0.251806437,53.05,77.1,21.05555556,29.1037037,23.9,9.93,1.94,1.000085477,6.971956449,5.523304278,6005.88,31.53
2005/4/30,1.65,,0.82,-0.18624014,49.41,78.8,16.116,27.844,23.9,9.28,1.93,0.789061387,5.640890811,5.470686012,5818.07,31.27
2005/5/31,2.3,,0.66,-0.098651759,52.18,77.7,20.43846154,26.31538462,23.9,10.3,-0.7,1.171875,6.331444577,5.654890916,6011.56,31.36
2005/6/30,2.38,,0.59,0.010974539,53.96,76.2,26.416,29.656,23.9,10.47,-1.05,1.161460121,8.096614689,6.676323762,6241.94,31.62
2005/7/31,2.42,,0.6,0.087844515,56.3,76.3,30.88888889,37.87777778,23.9,10.03,-1.6,0.687530311,7.787876023,6.51865759,6311.98,31.84
2005/8/31,3.56,,0.79,0.09882508,55.47,75.9,34.564,36.116,25.4,11.17,-1.85,1.129943503,6.220248419,6.19216306,6033.47,32.75
2005/9/30,3.16,3.2,0.7,0.09882508,51.87,71.7,36.972,37.02,25.4,10.65,-0.1,0.783766067,5.475681878,6.4776517,6118.61,33.19
2005/10/31,2.75,2.7,0.59,0.043902974,50.31,70.8,28.70384615,38.82307692,24.6,9.97,-0.04,0.759061834,4.576327891,5.92798508,5764.3,33.55
2005/11/30,2.51,3.05,0.65,0.076863951,51.56,62.5,19.04615385,34.93846154,24.6,10.43,0.86,0.825602179,6.227848553,6.448837636,6203.47,33.51
2005/12/31,2.2,2.24,0.45,0.065876153,52.59,69.5,23.07407407,35.05185185,24.6,9.6,1.72,0.788710177,6.828827362,6.62646179,6548.34,32.83
2006/1/31,2.68,2.79,1.38,0.065868921,52.46,78.6,16.775,37.12916667,24.6,8.78,1.11,0.70844227,8.374274792,7.506843871,6532.18,31.98
2006/2/28,0.98,1.94,-0.33,0.076813344,48.68,74.4,13.74285714,30.64761905,25.6,8.52,2.3,1.981720586,5.456349448,6.475620266,6561.63,32.45
2006/3/31,0.42,1,0.54,0.142684667,47.5,74.7,13.98148148,29.65555556,25.6,10.52,2.1,0.45136538,4.07402484,6.139878784,6613.97,32.46
2006/4/30,1.23,0.84,0.53,0.175611898,46.93,76,18.568,26.7,27.6,9.63,3.3,0.720705443,6.784762575,6.858441763,7171.77,31.91
2006/5/31,1.59,1.26,0.67,0.175554093,49.78,75.7,21,30.02592593,27.6,10.5,6.6,0.636924725,7.268367424,7.086700597,6846.95,32.04
2006/6/30,1.74,1.6,0.41,0.230440031,51.81,75.9,29.07083333,28.725,27.6,12.15,8.79,0.774843052,3.230933153,5.635042979,6704.41,32.38
2006/7/31,0.78,1.6,0.58,0.219418541,52.38,76.2,28.70384615,31.40384615,28.6,9.75,9.19,1.003003343,1.574996916,5.054561879,6454.58,32.73
2006/8/31,-0.56,0.7,0.36,0.219394471,51.01,77.4,24.18461538,31.63846154,28.6,11.79,9.11,1.038316122,3.99245211,5.666058804,6611.77,32.91
2006/9/30,-1.25,-0.4,0.35,0.252303642,51.06,76.1,23.95769231,32.49615385,27.2,10.51,6.9,1.439398224,5.970077432,5.83486294,6883.05,33.1
2006/10/31,-1.19,-0.7,0.43,0.285244103,48.87,73.8,17.72,28.044,26.3,10.75,5.77,0.967778342,6.624594788,5.906429886,7021.32,33.26
2006/11/30,0.25,-0.1,0.64,0.307219662,47.04,67.8,20.64615385,28.24230769,27.2,10.72,5.97,0.973605718,5.282779035,5.774090511,7567.72,32.42
2006/12/31,0.68,0.41,0.75,0.340136054,47.09,75.6,22.42222222,30.51111111,27.6,9.98,6.38,0.9474302,4.465396915,5.154215402,7823.72,32.59
2007/1/31,0.35,0.5,0,0.307185957,48.65,77.9,19.17692308,31.23461538,25.7,10.11,7.04,1.14172459,3.1546331,4.264830989,7699.64,32.94
2007/2/28,1.75,1.88,1.82,0.24122807,47.95,87.4,16.94,35.075,27.3,8.4,6.74,1.16649596,8.323403461,5.857958988,7901.96,32.94
2007/3/31,0.83,1.64,0.7,0.186321789,45.68,79.8,15.29230769,28.68461538,27.6,9.99,7.54,1.561446866,8.431257138,5.687685621,7884.41,33.09
2007/4/30,0.68,0.65,0.74,0.153391038,47.94,81.8,17.6173913,25.68695652,28,9.99,8.06,1.380587592,7.412777409,4.993932299,7875.42,33.32
2007/5/31,-0.02,0.4,0.73,0.13143483,47.89,82.5,14.93703704,26.92962963,27.8,11.61,7.8,1.573832927,5.995876803,4.544633668,8144.95,32.95
2007/6/30,0.13,-0.2,1.04,0.16422159,53.12,82.1,22.32,25.6,28.6,10.93,5.61,1.795936693,8.146484281,4.467649826,8883.21,32.87
2007/7/31,-0.32,0.3,1.23,0.164203612,57.49,81.6,19.45384615,25.59615385,29.8,11.58,4.1,1.803747756,10.19349927,4.493648461,9287.25,32.81
2007/8/31,1.61,0.8,1.73,0.164185639,60.79,85.4,28.20769231,28.42307692,29.1,11.94,3.67,2.599832449,7.034279623,3.97422212,8982.16,33
2007/9/30,3.12,2.06,2.07,0.153189627,54,80.6,32.66,34.348,28.5,10.92,4.85,1.522120933,5.66739255,3.23250767,9476.52,32.67
2007/10/31,5.33,3.26,2.35,0.175035554,51.25,80.5,44.27307692,32.14230769,29.8,11.58,5.8,2.118205952,5.902693613,3.315885287,9711.37,32.4
2007/11/30,4.8,4.5,2.46,0.240647561,52.4,75.2,29.45769231,35.07692308,30.7,10.91,8.13,1.814179021,2.400282243,2.062569286,8586.4,32.26
2007/12/31,3.32,4.35,2.62,0.328048114,56.03,80,18.46538462,39.70384615,30.7,10.26,8.61,1.420265781,-0.032215986,0.837136154,8506.28,32.43
2008/1/31,2.94,3.6,2.73,0.426555835,60.15,89,14.53333333,44.5037037,30.7,10.86,10.1,1.575954957,1.109525497,2.07162225,7521.13,32.16
2008/2/29,3.87,3.1,2.7,0.579741851,60.65,95,20.99,35.93,30.7,8.96,8.77,1.825187018,-2.417605798,1.359498126,8412.76,30.91
2008/3/31,3.96,4.3,3.18,0.590744995,63.87,92.7,16.60769231,34.96538462,30.7,10.34,7.19,1.08395089,-0.903893058,2.103618028,8572.59,30.38
2008/4/30,3.88,3.95,3.28,0.645443606,65.16,96.9,16.732,31.828,30.7,11.46,6.33,1.588751419,-1.299838283,2.241471496,8919.92,30.45
2008/5/31,3.72,4.1,3.4,0.667250055,72.09,98,16.43333333,24.85185185,34.6,11.29,7.92,1.138650713,-0.538957358,2.445385659,8619.08,30.4
2008/6/30,4.97,4.05,3.91,0.677669691,75.57,97.7,20.24583333,33.39166667,34.6,12.65,9.85,0.664351086,-4.104288502,1.387493247,7523.54,30.35
2008/7/31,5.81,5.6,4.29,0.677595628,75.37,98.6,23.32222222,33.01481481,36.1,10.62,11.43,0.636521452,-5.914807828,2.088571806,7024.06,30.63
2008/8/31,4.69,5,3.99,0.721232652,69.71,96,27.66153846,36.16923077,33.5,11.26,9.35,-0.587899077,-4.43269023,2.302753535,7046.11,31.55
2008/9/30,3.1,4.1,3.53,0.732000437,64.55,92.6,27.45833333,32.60833333,30.8,12.44,6.1,0.464068979,-4.035211197,3.205212871,5719.28,32.21
2008/10/31,2.38,1.3,3.16,0.687998253,62.51,90.2,38.31111111,37.03703704,24.5,10.46,1.56,-0.082095066,-4.741555798,4.749798113,4870.66,32.98
2008/11/30,1.93,2.05,2.67,0.5674378,61.33,88.2,36.83461538,34.61153846,21.3,8.97,-5.73,-2.567401122,-2.813208839,5.727964654,4460.49,33.29
2008/12/31,1.27,1.4,2.32,0.38147139,63.28,84.6,23.99230769,33.85384615,21.1,9.32,-9.66,-3.458630197,-0.806243132,7.233950766,4591.22,32.79
2009/1/31,1.47,1.05,2.73,0.196035722,66.28,99.6,18.19565217,39.35652174,22.8,6.74,-10.85,-5.135450914,2.109891485,6.602067916,4247.97,33.69
2009/2/28,-1.34,-0.42,0.54,0.021750952,62.37,95.2,13.13478261,27.84782609,23.3,9.16,-9.34,-3.073991217,3.459456484,6.666348813,4557.15,34.93
2009/3/31,-0.15,-0.5,0.92,-0.043501903,61.52,95,18.86538462,29.69230769,25.1,9.43,-9.31,-2.918809498,7.271908841,7.028385106,5210.84,33.91
2009/4/30,-0.46,-0.48,0.5,-0.119565217,61.27,97.6,17.12916667,27.85833333,25.3,9.6,-11.14,-3.106013132,10.07606791,7.090611612,5992.57,33.08
2009/5/31,-0.09,-0.31,0.2,-0.184722373,61.17,96.7,18.08,34.636,27.2,9.23,-13.5,-3.121251772,14.26843912,7.910386156,6890.44,32.63
2009/6/30,-1.99,-1.5,-0.53,-0.293127782,61.61,94.8,17.24,23.9,29,11.18,-13.7,-2.270175535,17.94451723,8.604399773,6432.16,32.81
2009/7/31,-2.34,-2.24,-0.86,-0.32566218,66.13,94.8,20.52592593,26.45925926,28.3,11.72,-13.99,-2.354745085,21.37989414,8.524598268,7077.71,32.81
2009/8/31,-0.82,-1.01,-0.74,-0.379733102,70.36,94.2,30.69230769,36.73076923,29.7,10.62,-11.02,-2.420260096,22.39700491,8.15363352,6825.95,32.92
2009/9/30,-0.89,-0.06,-0.91,-0.433839479,64.61,95,26.175,42.10416667,29,11.85,-9.47,-2.170229049,22.31735894,7.805207919,7509.17,32.15
2009/10/31,-1.89,-1.1,-0.83,-0.455531453,63.18,96.1,23.00384615,34.86538462,30.2,10.85,-6.18,-1.689809109,27.79917988,6.874399915,7340.08,32.53
2009/11/30,-1.6,-1,-0.8,-0.412326389,62.65,89.6,18.592,34.708,30.7,10.09,1.07,0.783773914,30.5073244,6.362857963,7582.21,32.17
2009/12/31,-0.25,0.04,-0.69,-0.380021716,63.47,89.7,18.71851852,38.97407407,29.9,10.89,5.77,2.657920036,28.91792491,5.764941872,8188.11,31.99
2010/1/31,0.26,0.3,-1.08,-0.217391304,68.32,99,16.52962963,42.03703704,30.2,9.66,6.8,3.780826626,24.18006607,4.828082316,7640.44,31.94
2010/2/28,2.35,2.14,1.23,-0.184842884,66.89,107,17.52,36.8,28.6,8.78,6.1,1.325012823,24.22499546,4.728657658,7436.1,32.07
2010/3/31,1.26,1.9,0.23,-0.119682298,63.33,100.5,19.896,32.42,29.4,11.54,6.86,1.642762546,19.03299947,3.860216467,7920.06,31.76
2010/4/30,1.35,1.53,0.39,-0.043530308,65.59,99.2,18.456,32.992,30.5,10.56,9.06,1.808058938,17.38354217,3.800762205,8004.25,31.34
2010/5/31,0.75,1,0.38,-0.021772262,69.07,96.3,17.41538462,30.36923077,28.6,11.04,9.41,1.952784265,13.13995332,3.26690755,7373.98,31.97
2010/6/30,1.21,1,0.81,0,71.34,97.2,22.89583333,26.89583333,29.7,11.9,7.03,1.560748711,12.84312386,3.822657824,7329.37,32.13
2010/7/31,1.32,1.27,0.87,0.03267262,73.04,96.6,24.68518519,30.27037037,29.4,11.88,5.32,1.418877236,12.28910258,4.135663251,7760.63,31.97
2010/8/31,-0.48,0,0.51,0.010890873,73.08,95.4,24.468,32.048,28.9,12.02,3.33,1.764821414,12.25204367,4.73357285,7616.28,32.03
2010/9/30,0.3,0.4,0.85,0.1416122,72.42,95,25.275,30.17916667,29.7,12.41,3.77,1.343875726,11.78747512,4.734585117,8237.78,31.26
2010/10/31,0.58,0.3,0.7,0.174329919,69.97,95.9,27.61111111,32.7,30,11.25,3.67,1.50991754,8.836682968,4.953267151,8287.09,30.66
2010/11/30,1.52,0.9,1.06,0.261494879,69.66,92,25.068,34.74,30.5,11.31,2.43,1.443862192,8.786944463,5.205132289,8372.48,30.48
2010/12/31,1.23,1.75,1.1,0.348773842,69.58,97.4,17.88888889,41.35555556,31.5,11.78,2.34,1.021869663,8.995217277,5.446555579,8972.5,29.35
2011/1/31,1.1,1.6,1.07,0.326797386,72.65,109.5,18.14074074,45.37777778,31.5,10.34,1.98,1.244721663,10.97687943,6.473090575,9145.35,29.28
2011/2/28,1.33,1.1,0.92,0.294117647,70.39,111.4,15.65,37.72777778,32.5,9.03,3.86,1.377991507,9.034538303,5.89647032,8599.65,29.88
2011/3/31,1.39,1.7,1.11,0.305010893,70.52,109.9,16.34814815,41.20740741,32.8,12.08,5.82,1.338988689,9.08895133,5.971616509,8683.3,29.4
2011/4/30,1.29,1.4,1.1,0.283070223,70.83,110.8,16.916,33.564,33.1,10.77,4.66,1.171076617,7.657346358,6.298451597,9007.87,28.64
2011/5/31,1.66,1.64,1.34,0.348432056,71.47,110.5,18.55384615,30.34230769,32.1,11.96,3.42,1.253001408,8.024906037,5.768647685,8988.84,28.68
2011/6/30,1.94,1.75,1.36,0.359320557,72.82,107.2,18.776,32.76,31.8,12.41,3.88,0.938060422,7.384831136,5.942490388,8652.59,28.76
2011/7/31,1.32,1.9,1.23,0.435492651,75.47,103.8,21.21851852,28.68888889,32.2,11.77,4.04,1.45708914,7.357436967,6.292573882,8644.18,28.88
2011/8/31,1.34,1.5,1.36,0.468256561,73.43,105.6,22.408,29.764,31.6,13.37,4.07,1.679073615,6.800960419,5.762899565,7741.36,29.01
2011/9/30,1.38,1.4,1.25,0.41335799,72.56,105.5,23.852,28.884,31.9,11.99,5.07,1.83607642,5.516696419,5.732164575,7225.38,30.49
2011/10/31,1.24,1.34,1.62,0.445943006,72.46,104.9,22.77692308,30.29615385,31.8,11.46,5.76,1.589000494,4.657041332,5.281793068,7587.69,29.92
2011/11/30,1.03,1.23,1.37,0.380352097,70.82,99.6,22.97307692,31.59615385,31.6,11.99,4.91,1.434302358,3.887413004,5.182101306,6904.12,30.33
2011/12/31,2.03,1.15,1.31,0.336700337,70.48,106.5,33.71481481,32.14444444,31.3,11.01,4.28,1.308722087,3.2564013,4.837727745,7072.08,30.27
2012/1/31,2.36,2.2,1.92,0.369163952,68.82,116.8,28.02272727,38.90909091,31.3,10.68,4.37,0.738741686,2.775229774,5.133088468,7517.08,29.59
2012/2/29,0.24,1.3,-0.04,0.434452047,61.07,106.7,21.72916667,30.59583333,32.2,9.02,1.84,2.568725901,3.282843339,4.944323867,8121.44,29.39
2012/3/31,1.26,1.32,0.84,0.488705474,53.76,108,22.62222222,33.87037037,32.4,12.34,-0.21,1.994255232,3.601102123,5.12850489,7933,29.52
2012/4/30,1.44,1.41,1.05,0.499402888,50.81,108.3,19.475,31.4125,34.7,11.26,-0.56,1.894621895,3.376236067,4.377387615,7501.72,29.17
2012/5/31,1.75,1.4,0.97,0.553385417,59.02,105.4,25.5037037,31.78148148,33.7,12.97,-0.88,1.779922043,3.82085569,4.644190705,7301.5,29.84
2012/6/30,1.77,1.78,0.92,0.629271997,69.01,101.8,27.996,35.364,32.5,11.62,-1.77,1.831351647,3.401859969,4.196674892,7296.28,29.89
2012/7/31,2.47,1.94,1.04,0.661246612,67.58,99.5,30.78846154,38.46538462,34.3,12.61,-1.56,1.607848481,2.971143372,3.433512782,7270.49,29.99
2012/8/31,3.43,2.6,1.05,0.704530674,68.07,102.8,38.72222222,42.32222222,36.3,12.87,-0.91,0.545025624,3.146418176,4.313284747,7397.06,29.95
2012/9/30,2.95,2.76,1.03,0.769147438,64.8,98.7,29.872,47.732,35.5,11.46,-2.34,0.454803866,3.984342352,3.70557219,7715.16,29.31
2012/10/31,2.33,2.38,1.09,0.801299404,66.52,101.3,23.488,39.244,34.9,12.56,-3.73,0.497068914,3.860731048,3.244214051,7166.05,29.21
2012/11/30,1.59,2.04,1.01,0.790299881,65.93,96,20.17692308,39.05,35.1,11.43,-3.91,0.679921985,4.116911515,3.495885012,7580.17,29.05
2012/12/31,1.62,1.38,1.09,0.790214332,64.72,100.7,26.68846154,35.99230769,34.8,10.34,-3.95,0.500578626,4.97170973,3.458913987,7699.5,29.08
2013/1/31,1.11,1.4,0.29,0.789701428,66.06,106.8,25.0962963,40.14814815,35.1,11.91,-3.83,1.518062508,4.460438756,2.904066997,7850.02,29.53
2013/2/28,2.96,2.8,2.18,0.82188818,63.6,109.1,17.25789474,39.42631579,36,9.13,-2.28,0.259634888,5.829682076,3.738551355,7897.98,29.66
2013/3/31,1.35,1.82,1.19,0.81054793,61.04,99.8,15.83333333,33.55185185,34.8,11.21,-3.09,0.464006008,6.359485421,3.85741953,7918.61,29.83
2013/4/30,1.05,1.26,0.87,0.788592417,60.4,103.1,23.76956522,29.3826087,33.8,11.62,-3.74,0.487621905,6.493280201,4.075365231,8093.66,29.54
2013/5/31,0.73,0.8,0.62,0.722995576,63.09,102.4,25.72962963,35.17407407,34.1,12.52,-3.54,0.656132833,7.53026862,4.584186724,8254.8,29.92
2013/6/30,0.6,0.6,0.61,0.64690027,63.99,99.7,26.725,33.1,34.5,13.08,-2.1,0.778419004,8.555575372,5.266374745,8062.21,30
2013/7/31,0.06,0.6,0.52,0.581520569,67.97,100.9,27.70384615,27.96153846,35,12.82,-2.2,0.863618077,8.735069391,5.818100957,8107.94,30.04
2013/8/31,-0.78,-0.27,0.5,0.613496933,67.62,104.3,28.988,36.256,35.5,12.85,-2.82,1.526429342,8.357674427,5.392596449,8021.89,29.93
2013/9/30,0.85,0.1,0.64,0.559019566,66.7,101.3,41.30416667,40.25416667,35,12.27,-2.58,1.288166653,7.859050571,5.697028838,8173.87,29.63
2013/10/31,0.65,1.05,0.15,0.515630035,64.7,103.6,34.58148148,42.34444444,34.9,12.28,-1.84,1.172011505,8.76933797,6.290961103,8450.06,29.42
2013/11/30,0.67,1,0.2,0.569280344,63.64,94.7,23.36538462,40.40769231,35,11.56,-0.93,1.221513708,8.651730659,5.991134949,8406.83,29.63
2013/12/31,0.33,0.8,0.2,0.665879068,65.43,103.8,22.81923077,45.96923077,35.8,11.28,-0.01,1.336261147,8.474309854,5.791492233,8611.51,29.85
2014/1/31,0.82,0.6,1.03,0.665450252,68.72,116.9,19.61111111,53.67037037,35.2,11.12,0.59,1.186160571,9.901408337,6.05210169,8462.57,30.33
2014/2/28,-0.04,0.2,-0.19,0.643569666,74.52,113.7,19.27894737,44.56842105,35.5,9.97,-0.36,1.302905236,8.333845294,5.822271446,8639.58,30.33
2014/3/31,1.61,1,0.96,0.696826758,80.59,113.3,20.35769231,47.66538462,35.2,11.38,-0.02,1.356221801,8.350091818,5.932127703,8849.28,30.49
2014/4/30,1.65,1.5,1.24,0.739549839,78.11,114.1,19.70833333,39.625,35.4,11.68,0.08,1.511758119,8.992315533,6.178414595,8791.44,30.22
2014/5/31,1.62,1.7,1.46,0.739232912,79.47,113.8,22.79259259,40.41851852,35.5,12.59,1.14,1.412797659,7.489103659,5.971224596,9075.91,30.02
2014/6/30,1.63,1.6,1.47,0.760578468,79.85,112.6,25.4125,35.625,35.9,12.5,0.8,1.755227061,6.900742027,5.378151431,9393.07,29.89
2014/7/31,1.75,1.86,1.56,0.749464668,83.07,110.8,26.98888889,32.51851852,35,13.14,0.85,2.451671231,7.315633854,5.594842799,9315.85,30.01
2014/8/31,2.08,1.8,1.68,0.770218228,81.74,109.1,31.32692308,37.46153846,34,13.31,0.03,1.718642087,7.377513762,5.746669984,9436.27,29.93
2014/9/30,0.71,1.5,1.55,0.780414796,81.55,103.7,28.59583333,39.2125,33.2,12.74,-0.85,2.128508714,7.059605542,5.030137881,8966.92,30.43
2014/10/31,1.06,1.2,1.6,0.790851769,82.92,105.6,30.37037037,42.89259259,31.3,12.67,-1.38,2.247788081,6.515602094,4.865255902,8974.76,30.45
2014/11/30,0.85,1.2,1.4,0.790344975,75.64,98,22.41923077,43.26923077,29.8,11.87,-2.91,1.767629781,6.946359588,5.666325533,9187.15,30.98
2014/12/31,0.61,0.73,1.36,0.682812333,74.35,96.7,26.69615385,42.21538462,26.5,11.61,-4.78,2.336028751,6.230788006,6.131888287,9307.26,31.67
2015/1/31,-0.93,0.3,0.64,0.757010342,80.99,110.6,22.88888889,45.85185185,23.7,11.49,-7.87,1.559495271,4.138285555,5.701758384,9361.91,31.53
2015/2/28,-0.2,0.2,1.79,0.884578493,78.91,120.5,19.84,47.4,26.8,9.72,-8.83,1.603024977,6.851394013,6.896198036,9622.1,31.41
2015/3/31,-0.62,-0.7,0.96,0.798466943,64.82,108.2,19.03333333,33.15,25.7,11.73,-8.82,1.469774793,5.701974094,6.447398453,9586.44,31.34
2015/4/30,-0.82,-0.65,0.67,0.819236089,59.08,107.3,23.616,30.672,27,11.78,-9.13,1.373676884,5.960504169,6.699011531,9820.05,30.64
2015/5/31,-0.73,-0.68,0.6,0.818887589,67.33,105.9,23.30740741,33.19259259,27.4,12.64,-9.66,1.36425648,6.469656292,6.924938606,9701.07,30.78
2015/6/30,-0.56,-0.7,0.57,0.882415479,71.39,104.8,28.75416667,34.29583333,27.1,12.68,-9.46,1.628101769,6.071045479,6.328294413,9323.02,30.96
2015/7/31,-0.63,-0.63,0.68,0.945802338,77.21,104.6,27.56666667,31.22222222,26,13.46,-10.22,0.866879493,5.288966297,5.863797691,8665.34,31.61
2015/8/31,-0.45,-0.8,0.63,0.912951168,77.6,105.8,38.07083333,38.09583333,23.9,12.85,-9.46,1.245658475,6.28866576,6.08441935,8174.92,32.66
2015/9/30,0.29,-0.5,0.6,0.944096743,72.59,101.7,44.26,52.94,24.3,12.35,-8.71,0.930050801,6.871678492,6.778841444,8181.24,32.99
2015/10/31,0.3,0.2,0.7,0.911886332,69.99,104.6,43.4962963,51.2962963,24.1,12.65,-8.66,1.166748954,7.156291719,6.746090168,8554.31,32.61
2015/11/30,0.54,0.36,0.86,0.943096323,68.89,96.3,30.152,48.168,23.2,11.96,-7.97,1.402601473,6.56612645,5.978523828,8320.61,32.69
2015/12/31,0.13,0.45,0.78,0.964289499,69.82,98.6,24.03333333,49.91851852,21.4,12,-7.3,0.994164127,6.865793818,5.801958467,8338.06,32.93
2016/1/31,0.8,0.75,0.66,0.899470899,70.6,109.3,26.51481481,52.26296296,19.8,11.4,-5.14,1.483671828,7.080807881,5.803657011,8145.21,33.41
2016/2/29,2.41,0.8,0.83,0.781745193,70.37,119.3,41.48333333,44.15,21.4,9.83,-4.9,1.229164483,5.577354308,4.72858762,8411.16,33.35
2016/3/31,2.01,1.4,0.78,0.802703845,67.55,109.3,40.1962963,50.54814815,22.9,11.69,-4.93,1.718453911,6.1421024,4.70296491,8744.83,32.23
2016/4/30,1.88,1.5,0.9,0.759814268,67.58,108.4,31.824,42.756,23.6,12.03,-4.2,1.598611255,6.215029343,4.581523391,8377.9,32.27
2016/5/31,1.23,1.68,0.91,0.791139241,70.91,107.6,26.16923077,45.96923077,25.1,13.03,-2.8,1.552955793,5.723347893,3.880388846,8535.59,32.62
2016/6/30,0.9,1.1,0.81,0.811465908,73.1,109.3,26.87916667,43.00416667,25.1,12.94,-2.8,0.770102509,5.90719176,4.654087404,8666.58,32.28
2016/7/31,1.24,1.01,0.8,0.779029372,76.1,109.2,31.72222222,43.11071429,24.2,13.43,-2.49,0.805393305,6.324774083,4.707616766,8984.41,31.92
2016/8/31,0.57,1,0.77,0.810014728,72.52,110,32.0625,47.79583333,24.9,13.62,-3.98,1.320608718,6.487314057,4.244337565,9068.85,31.72
2016/9/30,0.33,0.4,0.96,0.777637663,71.25,108,34.82916667,44.3375,24.1,12.67,-3.78,0.93954881,5.914382875,3.982100859,9166.85,31.36
2016/10/31,1.7,0.48,0.95,0.84060103,70.75,105.8,49.16923077,50.74615385,25.3,13.16,-1.83,1.042843933,6.529051173,3.829370334,9290.12,31.57
2016/11/30,1.97,1.5,0.83,0.808314088,72.47,101.9,43.24615385,54.91538462,24.8,12.47,-0.39,1.57380934,5.96130014,3.769782093,9240.71,31.88
2016/12/31,1.69,2.1,0.81,0.881612091,76.35,96,26.92222222,56.48518519,26.4,12.44,1.79,1.498299711,5.787699622,3.554902161,9253.5,32.25
2017/1/31,2.24,2.02,1.64,0.891452543,75.96,118.6,19.37916667,70.46521739,26.4,11.52,2.75,1.341853035,6.122278096,3.539434761,9447.95,31.36
2017/2/28,-0.06,0.7,0.16,0.932914046,72.54,105.3,19.2952381,57.28571429,26.4,10.73,2.47,1.86407767,4.678003556,3.451908434,9750.47,30.65
2017/3/31,0.18,0.75,0.96,0.995389774,75.79,107.3,19.52222222,52.85555556,25.1,12.23,1.71,1.452086257,4.404386658,3.594938586,9811.52,30.33
2017/4/30,0.09,0.5,1,0.994972769,76.2,111.4,21.124,40.128,25.7,12.2,0.99,1.496952541,3.688838414,3.49116387,9872,30.21
2017/5/31,0.6,0.6,1.11,0.962846677,78.55,111.4,22.15,42.61923077,25.6,13.06,-1.29,1.590376185,4.506844246,3.814391876,10040.72,30.09
2017/6/30,1,0.9,0.97,0.930378424,79.19,117.5,32.272,38.744,24,13.2,-1.74,1.832587859,4.871428758,3.570124903,10395.07,30.43
2017/7/31,0.77,0.9,0.91,0.898359971,81.94,115.9,34.33076923,38.95769231,24.9,13.73,-0.66,1.720441086,4.825873499,3.26395766,10427.33,30.21
2017/8/31,0.96,1.12,0.96,0.91829281,82.48,114.2,35.37407407,38.65555556,25.3,13.98,1.17,1.904180032,4.706102648,3.744963673,10585.78,30.19
2017/9/30,0.49,0.9,0.8,0.917622523,80.49,111.8,31.168,41.168,26.3,13.61,1.92,2.506009308,4.546205665,3.578383869,10383.94,30.32
2017/10/31,-0.33,0.2,1.12,0.906533292,77.8,110.1,33.81666667,36.99583333,26.8,13.55,1.65,2.127713661,4.422003883,3.790061327,10793.8,30.17
2017/11/30,0.34,-0.1,1.28,0.88514006,75.08,103.2,31.36538462,42.04615385,27.7,12.8,1.56,1.929806766,4.529371471,4.011202038,10560.44,30
2017/12/31,1.22,0.85,1.58,0.832292967,71.48,103,31.77407407,39.8,27.9,12.51,0.31,2.098395345,3.484721786,3.555253917,10642.86,29.8
2018/1/31,0.89,1,0.82,0.810810811,71.08,114.9,25.18461538,42.08076923,28.7,12.36,-0.73,2.78184111,3.232671273,3.212086038,11103.79,29.14
2018/2/28,2.2,2,2.39,0.768511787,69,131.7,25.92631579,47.62631579,27.7,10.43,-0.21,2.765281484,5.553227304,3.640931872,10815.47,29.22
2018/3/31,1.59,1.65,1.55,0.746965453,63.25,117.9,20.088,41.604,28.1,12.68,0.58,2.523016552,5.296114708,3.454814275,10919.49,29.12
2018/4/30,2.01,1.8,1.33,0.746655605,61.5,118.1,20.22608696,37.06956522,29.7,12.51,2.48,2.296482412,5.928041149,3.466936345,10657.88,29.6
2018/5/31,1.75,2,1.08,0.901834767,69.71,115.9,20.19259259,32.35185185,30.7,13.79,5.58,2.563973909,5.789094013,4.012797345,10874.96,29.96
2018/6/30,1.4,1.54,1.41,0.911444847,75.68,120.5,23.508,33.452,30,13.52,6.66,2.429596908,5.424169766,3.758239249,10836.91,30.49
2018/7/31,1.75,1.5,1.51,0.952479553,75.82,119.1,28.45,35.37692308,30.3,14.05,7.04,2.722710163,6.003913477,3.747241404,11057.51,30.61
2018/8/31,1.54,1.79,1.37,0.930617309,73.74,116.6,29.51153846,37.58076923,30.3,14.15,6.78,2.972770422,4.894956213,3.169727774,11063.94,30.72
2018/9/30,1.72,1.82,1.21,0.898946063,71.64,113,37.172,38.092,31,13.45,6.29,2.626852268,5.447060819,3.329321717,11006.34,30.54
2018/10/31,1.16,1.65,0.71,0.888062784,71.12,112.7,29.36153846,42.01923077,31,13.38,5.69,2.623522091,5.015383059,3.033920401,9802.13,30.97
2018/11/30,0.29,0.9,0.66,0.867052023,71.56,103.2,21.38461538,39.55384615,28.4,12.74,2.96,2.597337977,5.435303355,3.223464512,9888.03,30.84
2018/12/31,-0.06,0.2,0.5,0.866694181,71.9,106.1,19.84615385,39.53076923,26,12.59,0.78,2.092277325,5.821267404,2.653676038,9727.41,30.71
2019/1/31,0.18,0.33,0.51,0.938337802,69.85,118.2,20.23703704,49.9962963,27.9,12.42,0.26,2.048928913,7.073538546,3.376867918,9932.26,30.74
2019/2/28,0.21,0.3,0.29,0.958466454,66.95,115,22.91052632,39.66315789,27.8,10.62,0.63,1.733732347,5.967714304,2.986194037,10389.17,30.77
2019/3/31,0.56,0.6,0.45,0.957676861,64.98,110.5,27.33333333,35.92962963,28.8,12.5,1.19,1.945678043,7.554080743,3.340045343,10641.04,30.82
2019/4/30,0.66,0.5,0.58,0.977869274,69.49,110.2,26.91304348,34.82608696,30.1,12.69,0.68,2.284226556,7.6116253,3.614093682,10967.73,30.9
2019/5/31,0.93,0.84,0.61,0.893774399,78.26,108.9,30.81538462,39.00769231,30.3,13.53,-0.39,2.196565726,7.101834725,3.134398989,10498.49,31.6
2019/6/30,0.85,0.85,0.47,0.851893667,78.98,109.1,31.728,40.724,28.7,13.25,-2.01,2.068120559,7.871179594,3.360001795,10730.83,31.06
2019/7/31,0.39,0.79,0.33,0.851194749,79.73,107.5,34.76538462,39.53846154,28.7,13.99,-3.57,2.227922316,7.325088242,3.255907705,10823.81,31.09
2019/8/31,0.43,0.68,0.39,0.829833009,79.7,108.2,36.868,42.852,28.1,14.09,-3.66,1.872877244,7.570471985,3.511143201,10618.05,31.4
2019/9/30,0.42,0.6,0.5,0.860215054,72.73,106.4,37.21666667,46.7375,28.6,13.28,-4.8,1.531393568,7.666510518,3.556260013,10829.68,31.03
2019/10/31,0.37,0.45,0.63,0.839303992,68.54,108.7,30.11538462,44.58076923,27.9,13.42,-6.37,1.79242766,7.213210269,4.226649778,11358.71,30.45
2019/11/30,0.58,0.7,0.53,0.880065493,67.56,94.9,25.864,44.576,28.4,12.7,-5.08,1.825941463,7.874438775,4.225351985,11489.57,30.51
2019/12/31,1.15,1,0.56,1.012684124,66.71,103.7,25.97307692,49.30769231,29.2,12.65,-3.48,2.421576683,7.589975517,4.524860381,11997.14,30.04
2020/1/31,1.86,1.2,1.34,1.031770354,64.08,119.8,24.05652174,53.31304348,28.3,11.85,-3.32,1.589400789,7.232389758,4.597978121,11495.1,30.22
2020/2/29,-0.2,0.65,-0.36,1.020824826,59.34,112.2,25.36521739,42.82173913,27,12,-4.48,2.613409831,7.432010897,4.475101527,11292.17,30.29
2020/3/31,-0.02,-0.1,0.33,1.009791922,62.73,108.9,21.13461538,41.44230769,19.7,12.87,-7.51,1.566787004,7.40143798,4.475001686,9708.06,30.24
2020/4/30,-0.97,-0.4,0.04,0.948012232,72.07,107.8,22.784,39.496,17.6,12.39,-11.22,0.917299011,7.483701099,4.178881204,10992.14,29.77
2020/5/31,-1.21,-1.05,0.06,0.865492312,74.82,105.9,23.67407407,36.27037037,21.1,13.19,-12.19,0.744375299,9.464950227,4.962596921,10942.16,30.02
2020/6/30,-0.74,-1,0.14,0.875228984,76.75,106.7,32.06956522,35.83043478,23.5,13.41,-10.31,1.373217458,9.684390366,5.317046369,11621.24,29.57
2020/7/31,-0.51,-0.45,0.15,0.874516982,77.6,103.9,28.58846154,36.51153846,23.8,14.35,-9,1.273687481,10.73750431,6.268789986,12664.8,29.4
2020/8/31,-0.33,-0.4,0.33,0.843324528,78.28,106.3,33.468,38.596,24,14.15,-8.81,1.259763765,11.33643506,6.720412645,12591.45,29.43
2020/9/30,-0.58,-0.3,0.24,0.84272515,71.85,104.7,32.08695652,42.28695652,23.7,14.11,-8.15,2.073307956,11.79427497,7.040748752,12515.61,29.04
2020/10/31,-0.26,-0.2,0.51,0.872919204,69.97,104.8,33.308,39.752,23.5,13.67,-7.28,1.627430423,13.43642578,7.015742536,12546.34,28.77
2020/11/30,0.09,-0.05,0.77,0.841955772,67.62,94.8,32.6,38.61666667,23.6,13.23,-5.9,1.583634978,14.9699303,7.576574794,13722.89,28.66
2020/12/31,0.04,0.1,0.67,0.759493671,70.41,101.5,29.64814815,44.94444444,25.5,13.23,-4.79,1.144407739,16.89194347,9.361239727,14732.53,28.3
2021/1/31,-0.19,0.02,0.03,0.728008089,76.46,111.8,33.00769231,52.98076923,26.6,12.83,-2.06,2.052119577,17.54015452,8.108860879,15138.31,28.21
2021/2/28,1.38,1,1.64,0.808407437,72.51,117.7,21.29444444,52.91111111,27,11.31,0.09,1.449927741,18.33098682,9.168408056,15953.8,28.09
2021/3/31,1.22,1.35,1.04,0.88861961,69.94,108.1,20.756,44.508,28.3,13.66,5.19,2.395677828,17.7369075,8.700128967,16431.13,28.53
2021/4/30,2.11,1.86,1.37,0.918913461,71.43,107.8,22.564,39.092,28.3,13.39,10.5,2.764955028,18.11061528,8.991428634,17566.66,27.93
2021/5/31,2.45,2.2,1.54,0.807591359,77.22,107.8,24.78461538,44.21923077,28.5,14.5,11.71,1.774726188,17.4123697,9.218578428,17068.43,27.62
2021/6/30,1.83,2.25,1.29,0.686037127,82.99,112.1,33.9375,38.77083333,29.4,14.08,10.98,0.90228769,17.09919816,8.913932012,17755.46,27.86
2021/7/31,1.91,1.81,1.24,0.60483871,86.21,109.9,36.29615385,41.35,29.9,14.74,12.04,1.231713072,15.9707117,8.714787774,17247.41,27.96
2021/8/31,2.34,1.9,1.31,0.765743073,86.58,109.7,47.724,45.132,29.5,14.79,11.82,1.618024035,15.1892118,8.593369829,17490.29,27.76
2021/9/30,2.6,2.3,1.71,0.785340314,77.21,108.3,39.52083333,47.1375,29.7,14.62,12.09,1.745045151,15.21620759,8.885036898,16934.77,27.85
2021/10/31,2.55,2.6,1.41,0.895552425,76.43,108.6,37.32307692,51.07692308,31.6,14.84,15.21,2.201589646,14.81251097,8.511558622,16987.41,27.81
2021/11/30,2.84,2.6,1.5,1.026053717,76.43,102,33.99166667,51.5875,31.1,13.81,14.58,2.341936845,13.134242,8.176367612,17427.76,27.8
2021/12/31,2.63,2.7,1.85,1.005025126,75.98,99.7,27.63461538,57.13461538,29,13.79,12.64,2.596523971,12.08749779,7.347024616,18218.84,27.68
2022/1/31,2.83,2.4,2.42,0.97370006,76.52,122.9,24.94230769,63.16538462,31.3,13.34,11.3,2.87596252,11.87148582,8.525705195,17674.4,27.83
2022/2/28,2.33,2.71,1.64,0.982357658,72.66,113.1,30.90588235,47.29411765,32.2,12.01,12.12,2.62020971,11.25272377,7.650919047,17652.18,28.02
2022/3/31,3.27,2.9,2.47,1.000900811,75.69,114.1,31.02692308,45.75185185,32.7,14.01,14.16,2.67518282,10.39497712,8.218761781,17693.47,28.63
2022/4/30,3.37,3.25,2.53,1.220732439,79.01,114.2,32.98,47.636,32,13.69,15.57,2.704454941,9.0613174,8.243570709,16592.18,29.48
2022/5/31,3.39,3.32,2.61,1.532145003,84.51,113.3,30.728,49.228,31.6,14.46,16.88,3.249451422,8.279181476,7.488893228,16807.77,29.05
2022/6/30,3.59,3.6,2.77,1.853707415,83.4,115.2,33.692,53.6,31.5,14.66,16.28,4.053324571,7.030860612,7.346680767,14825.73,29.72
2022/7/31,3.35,3.6,2.73,2.064128257,84.75,115.1,32.53846154,47.11153846,30.8,15.3,12.96,3.503333178,7.373534601,6.897763937,15000.07,29.94
2022/8/31,2.68,3.14,2.74,2.099790021,84.92,114.4,34.09583333,43.475,30.7,15.39,10.94,2.904487491,7.480257771,6.955323065,15095.44,30.44
2022/9/30,2.76,2.8,2.8,2.097902098,85.83,110.9,40.37916667,45.38333333,30.7,14.61,12.21,2.346757648,5.604801586,6.892367005,13424.58,31.77
2022/10/31,2.74,2.8,2.97,2.034506832,85.55,112.6,38.124,46.94,30.6,14.22,10.97,2.167928424,4.650591365,7.491333912,12949.75,32.22
2022/11/30,2.35,2.5,2.86,2.091008663,86.02,105.3,31.74,49.028,30.6,13.6,9.09,2.318123511,4.69772108,7.51568811,14879.55,30.9
2022/12/31,2.71,2.53,2.72,2.218905473,85.8,111.8,39.12307692,52.18076923,30.6,13.28,7.02,2.182909637,3.331171039,6.744069982,14137.69,30.72
