Date,Unemployment rate,Unemployment rate forecasts,Male unemployment rate,Female unemployment rate,Initial jobless claims,CPI YoY,M1B YoY,M2 YoY,US CPI YoY,US M1 YoY,US M2 YoY,UST 10y,USDTWD,TWSE,Composite leading index,UMich consumer sentiment index
2000/1/31,2.91,,3.24,1.97,2185,0.51,23.55535203,9.191667973,2.7,2.185593298,5.987371099,6.67,30.7,9744.89,55.48,112
2000/2/29,2.93,,3.35,2.24,1172,0.92,17.57507778,7.646955043,3.2,1.085073402,5.741983594,6.41,30.73,9435.94,56.02,111.3
2000/3/31,2.9,,3.38,1.99,1742,1.12,21.22399525,8.49416377,3.8,0.993981397,6.274677918,6,30.43,9854.95,56.28,107.1
2000/4/30,2.91,,3.18,2.05,1605,1.23,17.20415378,7.52537933,3.1,1.270878722,6.846459076,6.21,30.62,8777.35,56.19,109.2
2000/5/31,2.89,,3.26,2.07,1453,1.59,13.90981905,6.898079621,3.2,0.099655735,5.988451163,6.27,30.81,8939.52,55.8,110.7
2000/6/30,2.9,,3.3,2.28,1396,1.36,7.033486679,6.204827932,3.7,0.254591744,5.870607029,6.03,30.8,8265.09,55.16,106.4
2000/7/31,2.92,,3.34,2.65,2181,1.45,8.431024513,6.018598055,3.7,0.400327541,5.621347447,6.03,31.07,8114.92,54.37,108.3
2000/8/31,2.92,,3.35,2.89,1972,0.27,7.111922946,6.338415267,3.4,0.090975255,5.839576422,5.73,31.07,7616.98,53.48,107.3
2000/9/30,2.95,,3.29,2.81,1744,1.62,2.824800847,6.139736948,3.5,0.291837665,6.250410491,5.8,31.33,6185.14,52.54,106.8
2000/10/31,3.08,,3.41,2.85,2543,1.01,2.421585817,6.396632696,3.4,-0.416931025,6.048132419,5.75,32.36,5544.18,51.63,105.8
2000/11/30,3.23,,3.6,2.69,3185,2.25,2.145335005,6.780725088,3.4,-1.647609616,5.851859885,5.47,33.07,5256.93,50.87,107.6
2000/12/31,3.37,,3.66,2.7,3813,1.64,-0.335198505,6.496382956,3.4,-2.994118695,6.188012074,5.11,33.08,4739.09,50.29,98.4
2001/1/31,3.56,,3.81,2.67,8767,2.36,-3.329363908,6.073043758,3.7,-2.263612869,6.632806138,5.11,32.38,5936.2,49.87,94.7
2001/2/28,3.75,,4.26,2.94,6442,-1.02,-3.800237597,6.050354856,3.5,-0.667508569,7.152626405,4.9,32.35,5674.69,49.41,90.6
2001/3/31,3.97,,4.46,3.04,8066,0.43,-5.843002164,5.244910695,2.9,0.126410835,7.681202497,4.92,32.84,5797.92,48.86,91.5
2001/4/30,4.18,,4.6,3,6408,0.43,-6.505887754,4.856784982,3.3,0.098601649,7.758964352,5.34,32.91,5381.67,48.26,88.4
2001/5/31,4.36,,4.91,3.21,7916,-0.22,-5.191940405,5.69267035,3.6,1.230880623,7.974505143,5.38,33.9,5048.86,47.69,92
2001/6/30,4.51,,5.09,3.65,8177,-0.15,-1.662011617,6.477445706,3.2,2.140395429,8.418206966,5.41,34.43,4883.43,47.24,92.6
2001/7/31,4.73,,5.43,4.18,11917,0.1,-0.778013535,6.550767692,2.7,3.207974626,8.64408903,5.05,34.75,4352.98,47.04,92.4
2001/8/31,4.87,,5.67,4.45,13370,0.45,-1.228074249,6.400937001,2.7,4.544628249,8.711987545,4.83,34.55,4509.44,47.19,91.5
2001/9/30,5.05,,5.79,4.49,9554,-0.51,3.678465737,6.397976183,2.6,9.638992452,10.20357702,4.59,34.55,3636.94,47.72,81.8
2001/10/31,5.18,,5.91,4.48,12025,0.98,4.389146849,5.622602204,2.1,6.098115955,9.609381418,4.23,34.53,3903.49,48.66,82.7
2001/11/30,5.28,,5.97,4.28,14599,-1.14,6.70485437,4.781573671,1.9,7.195166606,10.25551708,4.75,34.46,4441.12,49.93,83.9
2001/12/31,5.35,,5.99,4.1,11181,-1.68,11.88289057,4.311084514,1.6,8.690060628,10.33096447,5.05,34.95,5551.24,51.35,88.8
2002/1/31,5.29,,5.98,3.91,17770,-1.68,11.23544816,3.516107436,1.1,8.57116805,9.614727576,5.03,34.89,5872.14,52.71,93
2002/2/28,5.23,,6.01,3.82,8559,1.42,16.46910809,4.26370124,1.1,8.118416273,9.359605911,4.88,35.11,5696.11,53.9,90.7
2002/3/31,5.25,,5.93,4.05,11991,0.01,17.38101116,4.292524495,1.5,7.611146181,8.34384858,5.4,34.95,6167.47,54.8,95.7
2002/4/30,5.22,,5.82,3.77,9336,0.21,20.38894358,4.570840211,1.6,6.286379511,6.99974688,5.08,34.71,6065.73,55.39,93
2002/5/31,5.16,,5.87,3.78,8485,-0.26,21.5048274,3.995301082,1.2,6.329906124,7.56867329,5.04,33.97,5675.65,55.66,96.9
2002/6/30,5.11,,5.91,3.96,6124,0.11,18.72816951,3.443415175,1.1,5.958089149,7.209819271,4.8,33.54,5153.71,55.67,92.4
2002/7/31,5.05,,5.96,4.19,7302,0.43,17.7049585,2.732872625,1.5,5.28580209,7.412461083,4.46,33.75,4940.38,55.52,88.1
2002/8/31,5.07,,6.02,4.39,7202,-0.27,19.60645184,2.70283254,1.8,3.208137715,7.530741618,4.14,34.24,4764.94,55.29,87.6
2002/9/30,5.13,,5.97,4.39,7916,-0.77,15.98522005,2.168296085,1.5,-0.796217965,5.751252711,3.59,34.86,4191.81,55.06,86.1
2002/10/31,5.18,,5.87,4.5,7880,-1.7,16.57950011,2.482735318,2,3.28557948,6.807067509,3.89,34.66,4579.14,54.86,80.6
2002/11/30,5.23,,5.82,4.34,7016,-0.56,15.01650533,3.049216685,2.2,3.296327925,6.872584002,4.21,34.81,4646.69,54.72,84.2
2002/12/31,5.18,,5.74,4.04,5881,0.78,9.266652871,2.526260372,2.4,3.127112914,6.2240053,3.82,34.64,4452.45,54.63,86.7
2003/1/31,5.24,,5.75,4,7400,1.08,11.85421837,3.814675758,2.6,3.073822121,6.426358153,3.96,34.73,5015.16,54.59,82.4
2003/2/28,5.15,,5.89,4.14,5243,-1.52,6.261741244,2.330514927,3,3.99798421,6.5160302,3.69,34.75,4432.46,54.58,79.9
2003/3/31,5.17,,5.71,4.18,6827,-0.19,5.214791596,1.832458153,3,3.854856281,6.663997671,3.8,34.75,4321.22,54.71,77.6
2003/4/30,5.11,,5.47,4.13,5969,-0.12,6.19525313,2.253195844,2.2,5.316370377,7.340684936,3.84,34.85,4148.07,55.07,86
2003/5/31,5.11,,5.62,4.08,5870,0.32,8.874319371,3.096494622,2.1,6.684604389,7.929004799,3.37,34.71,4555.9,55.85,92.1
2003/6/30,5.09,,5.69,4.24,5649,-0.56,9.46512311,2.463634795,2.1,7.349367301,8.104209862,3.51,34.64,4872.15,56.99,89.7
2003/7/31,4.98,,5.54,4.62,6716,-0.99,13.10220401,4.001044172,2.1,7.372195814,8.115796819,4.41,34.42,5318.34,58.35,90.9
2003/8/31,4.95,,5.6,4.67,5613,-0.59,14.31035957,4.51051164,2.2,9.207311937,8.331557639,4.46,34.07,5650.83,59.73,89.3
2003/9/30,4.89,,5.42,4.54,5327,-0.21,17.77591323,5.139978577,2.3,8.452470529,7.369165488,3.94,33.74,5611.41,60.99,87.7
2003/10/31,4.82,,5.28,4.41,4945,-0.06,18.70807993,5.527607958,2,7.790697674,6.371482703,4.29,33.98,6045.12,62.05,89.6
2003/11/30,4.74,,5.12,4.13,4234,-0.46,18.34024011,5.287131745,1.8,7.399140212,5.538552499,4.33,34.21,5771.77,62.92,93.7
2003/12/31,4.71,,5.08,3.88,4887,-0.06,19.32488029,5.679185548,1.9,7.048024914,5.116077616,4.25,33.96,5890.69,63.69,92.6
2004/1/31,4.62,,5.03,3.85,4771,0.01,17.99295865,5.903335814,1.9,6.412450094,4.666988251,4.13,33.39,6375.38,64.42,103.8
2004/2/29,4.7,,5.07,3.97,3576,0.64,22.27266376,7.073658315,1.7,6.719431433,4.684370024,3.97,33.37,6750.54,64.99,94.4
2004/3/31,4.52,,4.8,3.95,4472,0.89,24.88840186,8.194257174,1.7,7.213749697,4.925444433,3.83,33.02,6522.19,65.34,95.8
2004/4/30,4.52,,4.72,3.85,3670,0.95,24.19333598,8.538888148,2.3,6.624,4.956940395,4.51,33.37,6117.81,65.51,94.2
2004/5/31,4.49,,4.84,3.81,3357,0.91,20.73427284,7.722174335,3.1,5.083543506,5.181816656,4.65,33.38,5977.84,65.53,90.2
2004/6/30,4.52,,5.02,3.88,3018,1.73,19.26209981,7.879466076,3.3,4.816549571,4.578052035,4.58,33.78,5839.44,65.45,95.6
2004/7/31,4.45,,4.91,4.21,3702,3.32,19.45221799,7.593382761,3,4.139805825,3.998212719,4.47,34.14,5420.57,65.3,96.7
2004/8/31,4.43,,4.89,4.36,4451,2.55,17.56241738,6.896890895,2.7,4.466214131,3.43889326,4.12,34.05,5765.54,65.1,95.9
2004/9/30,4.37,,4.79,4.09,4484,2.79,16.64286216,6.811804208,2.5,5.033919211,4.48722171,4.12,33.98,5845.69,64.95,94.2
2004/10/31,4.27,,4.7,3.76,4468,2.39,14.8113705,6.805176589,3.2,4.969949145,5.107526882,4.02,33.44,5705.93,64.85,91.7
2004/11/30,4.19,,4.58,3.52,5219,1.52,13.4512498,6.803698884,3.5,5.780925256,5.448913348,4.35,32.21,5844.76,64.79,92.8
2004/12/31,4.21,,4.58,3.41,4318,1.62,12.43993437,7.185972913,3.3,5.343745215,5.785110346,4.22,31.74,6139.69,64.79,97.1
2005/1/31,4.18,,4.48,3.47,5499,0.49,8.694666513,5.838327803,3,4.678407351,5.744383178,4.13,31.75,5994.23,64.82,95.5
2005/2/28,4.3,,4.62,3.8,3936,1.93,9.088423686,6.006315638,3,3.761162404,5.209099979,4.38,31.08,6207.83,64.92,94.1
2005/3/31,4.19,,4.51,3.66,4904,2.3,6.971956449,5.523304278,3.1,3.176036728,4.744638299,4.48,31.53,6005.88,65.11,92.6
2005/4/30,4.17,,4.34,3.62,4185,1.65,5.640890811,5.470686012,3.5,1.920768307,4.275423181,4.2,31.27,5818.07,65.43,87.7
2005/5/31,4.16,,4.28,3.86,4124,2.3,6.331444577,5.654890916,2.8,2.452561314,3.273719309,3.98,31.36,6011.56,65.87,86.9
2005/6/30,4.17,,4.33,4.08,4748,2.38,8.096614689,6.676323762,2.5,2.785432338,3.752491827,3.91,31.62,6241.94,66.45,96
2005/7/31,4.17,,4.42,4.18,5975,2.42,7.787876023,6.51865759,3.2,2.103221957,4.027497096,4.28,31.84,6311.98,67.09,96.5
2005/8/31,4.15,,4.4,4.3,5807,3.56,6.220248419,6.19216306,3.6,1.735213764,4.113713435,4.01,32.75,6033.47,67.68,89.1
2005/9/30,4.04,4.1,4.09,4.21,5403,3.16,5.475681878,6.4776517,4.7,1.181651376,4.081761304,4.32,33.19,6118.61,68.15,76.9
2005/10/31,4.05,4,4.07,4.07,4677,2.75,4.576327891,5.92798508,4.3,1.042354841,4.162678675,4.55,33.55,5764.3,68.48,74.2
2005/11/30,4.01,4,4.07,3.77,5040,2.51,6.227848553,6.448837636,3.5,0.138262262,3.987624613,4.48,33.51,6203.47,68.78,81.6
2005/12/31,3.97,3.98,4.13,3.49,4796,2.2,6.828827362,6.62646179,3.4,-0.123546512,4.107006528,4.39,32.83,6548.34,69.07,91.5
2006/1/31,3.94,4,4.04,3.48,5911,2.68,8.374274792,7.506843871,4,0.907029478,4.666511013,4.52,31.98,6532.18,69.42,91.2
2006/2/28,3.89,3.96,4.2,3.53,5038,0.98,5.456349448,6.475620266,3.6,0.532419225,4.909215272,4.55,32.45,6561.63,69.87,86.7
2006/3/31,3.9,3.93,4.09,3.58,6095,0.42,4.07402484,6.139878784,3.4,0.897220804,4.983001909,4.85,32.46,6613.97,70.26,88.9
2006/4/30,3.88,3.93,4.02,3.45,4424,1.23,6.784762575,6.858441763,3.5,1.693168433,5.33155718,5.05,31.91,7171.77,70.62,87.4
2006/5/31,3.89,3.91,4.1,3.48,4645,1.59,7.268367424,7.086700597,4.2,1.551976574,5.153476588,5.12,32.04,6846.95,71,79.1
2006/6/30,3.94,3.9,4.13,3.78,4841,1.74,3.230933153,5.635042979,4.3,-0.340555032,5.212272126,5.14,32.38,6704.41,71.38,84.9
2006/7/31,3.92,3.94,4.13,3.94,5460,0.78,1.574996916,5.054561879,4.1,0.248356465,5.336984122,4.98,32.73,6454.58,71.75,84.7
2006/8/31,3.92,3.9,4.1,4.08,6236,-0.56,3.99245211,5.666058804,3.8,-0.391929162,5.279900155,4.73,32.91,6611.77,72.08,82
2006/9/30,3.9,3.83,4.01,3.89,5478,-1.25,5.970077432,5.83486294,2.1,-1.030030466,5.146646882,4.63,33.1,6883.05,72.4,85.4
2006/10/31,3.91,3.8,3.97,3.79,5595,-1.19,6.624594788,5.906429886,1.3,-0.450417726,5.342994005,4.6,33.26,7021.32,72.67,93.6
2006/11/30,3.92,3.84,3.87,3.85,5611,0.25,5.282779035,5.774090511,2,-0.385146428,5.610818933,4.46,32.42,7567.72,72.97,92.1
2006/12/31,3.9,3.9,3.94,3.65,5985,0.68,4.465396915,5.154215402,2.5,-0.560285236,5.832173484,4.7,32.59,7823.72,73.32,91.7
2007/1/31,3.88,3.91,3.97,3.55,7991,0.35,3.1546331,4.264830989,2.1,-0.565422254,5.729964457,4.81,32.94,7699.64,73.74,96.9
2007/2/28,3.84,3.94,3.96,3.54,6815,1.75,8.323403461,5.857958988,2.4,-1.117237377,5.581898468,4.57,32.94,7901.96,74.24,91.3
2007/3/31,3.86,3.9,4.13,3.68,6382,0.83,8.431257138,5.687685621,2.8,-1.207345286,5.858433512,4.64,33.09,7884.41,74.82,88.4
2007/4/30,3.9,3.92,4,3.6,5528,0.68,7.412777409,4.993932299,2.6,-0.246127117,6.341083219,4.62,33.32,7875.42,75.51,87.1
2007/5/31,3.92,3.94,3.99,3.71,6189,-0.02,5.995876803,4.544633668,2.7,-0.454152249,6.441992684,4.89,32.95,8144.95,76.27,88.3
2007/6/30,3.92,3.97,4.11,3.75,4898,0.13,8.146484281,4.467649826,2.7,-0.523484077,6.336104253,5.02,32.87,8883.21,76.98,85.3
2007/7/31,3.93,3.9,4.1,3.93,5892,-0.32,10.19349927,4.493648461,2.4,-0.043719032,6.138274545,4.74,32.81,9287.25,77.56,90.4
2007/8/31,3.96,3.85,4.05,4.15,5493,1.61,7.034279623,3.97422212,2,0.28417371,6.765841176,4.53,33,8982.16,77.9,83.4
2007/9/30,3.96,3.85,4,3.98,3410,3.12,5.66739255,3.23250767,2.8,0.828202873,6.609832666,4.59,32.67,9476.52,78,83.4
2007/10/31,3.95,3.89,4.11,3.67,7099,5.33,5.902693613,3.315885287,3.5,0.664088156,6.061516022,4.47,32.4,9711.37,77.89,80.9
2007/11/30,3.93,3.9,4.13,3.54,5471,4.8,2.400282243,2.062569286,4.3,0.072950102,5.881850777,3.94,32.26,8586.4,77.6,76.1
2007/12/31,3.89,3.91,4.07,3.53,5079,3.32,-0.032215986,0.837136154,4.1,0.497585248,5.656428531,4.02,32.43,8506.28,77.22,75.5
2008/1/31,3.86,3.97,4.08,3.43,8890,2.94,1.109525497,2.07162225,4.3,0.437413429,5.568527062,3.59,32.16,7521.13,76.83,78.4
2008/2/29,3.87,3.95,4.25,3.52,5505,3.87,-2.417605798,1.359498126,4,1.276595745,6.530251358,3.51,30.91,8412.76,76.48,70.8
2008/3/31,3.83,3.95,4.15,3.48,6842,3.96,-0.903893058,2.103618028,4,1.624588364,6.94361023,3.41,30.38,8572.59,76.11,69.5
2008/4/30,3.87,3.92,4.03,3.52,7091,3.88,-1.299838283,2.241471496,3.9,0.972423803,6.470482486,3.73,30.45,8919.92,75.57,62.6
2008/5/31,3.91,3.92,3.96,3.67,6211,3.72,-0.538957358,2.445385659,4.2,0.905206749,6.428906617,4.06,30.4,8619.08,74.7,59.8
2008/6/30,3.94,3.9,4.12,3.73,5594,4.97,-4.104288502,1.387493247,5,2.660429762,6.186629297,3.97,30.35,7523.54,73.38,56.4
2008/7/31,3.99,3.9,4.24,3.83,7142,5.81,-5.914807828,2.088571806,5.6,3.593818341,6.381173895,3.95,30.63,7024.06,71.6,61.2
2008/8/31,4.04,3.91,4.21,4.06,7748,4.69,-4.43269023,2.302753535,5.4,2.259681755,5.485369189,3.81,31.55,7046.11,69.43,63
2008/9/30,4.26,3.95,4.37,4.14,7830,3.1,-4.035211197,3.205212871,4.9,6.273170023,6.163550897,3.82,32.21,5719.28,66.97,70.3
2008/10/31,4.4,4.3,4.63,4.02,10271,2.38,-4.741555798,4.749798113,3.7,6.843555169,7.389580974,3.95,32.98,4870.66,64.53,57.6
2008/11/30,4.7,4.5,5.06,4.1,14304,1.93,-2.813208839,5.727964654,1.1,10.40968071,7.71318767,2.92,33.29,4460.49,62.61,55.3
2008/12/31,5.08,4.85,5.51,4.41,30284,1.27,-0.806243132,7.233950766,0.1,16.62297947,9.643182183,2.21,32.79,4591.22,61.67,60.1
2009/1/31,5.37,5.22,5.89,4.56,33079,1.47,2.109891485,6.602067916,0,14.88713073,10.23516088,2.84,33.69,4247.97,62.01,61.2
2009/2/28,5.61,5.6,6.38,4.93,35208,-1.34,3.459456484,6.666348813,0.2,13.53230948,9.386609754,3.01,34.93,4557.15,63.41,56.3
2009/3/31,5.74,5.8,6.46,4.95,28043,-0.15,7.271908841,7.028385106,-0.4,13.69626269,9.31402001,2.66,33.91,5210.84,65.54,57.3
2009/4/30,5.82,5.84,6.45,4.85,21314,-0.46,10.07606791,7.090611612,-0.7,15.82578698,8.750259767,3.12,33.08,5992.57,68.05,65.1
2009/5/31,5.94,5.8,6.48,4.95,16033,-0.09,14.26843912,7.910386156,-1.3,16.08296254,9.330584085,3.46,32.63,6890.44,70.64,68.7
2009/6/30,5.98,5.9,6.64,5.01,16151,-1.99,17.94451723,8.604399773,-1.4,18.09767905,9.20700229,3.53,32.81,6432.16,73.11,70.8
2009/7/31,6.01,5.96,6.81,5.11,14660,-2.34,21.37989414,8.524598268,-2.1,16.98684118,8.613061707,3.48,32.81,7077.71,75.35,66
2009/8/31,6.01,6.04,6.82,5.24,13669,-0.82,22.39700491,8.15363352,-1.5,17.9479892,8.405432466,3.4,32.92,6825.95,77.31,65.7
2009/9/30,6.04,6.1,6.68,5.21,11601,-0.89,22.31735894,7.805207919,-1.3,13.87824897,7.439404542,3.31,32.15,7509.17,78.97,73.5
2009/10/31,5.98,6.1,6.67,5.03,9761,-1.89,27.79917988,6.874399915,-0.2,13.83498439,6.350043313,3.38,32.53,7340.08,80.4,70.6
2009/11/30,5.9,6.02,6.57,4.94,8513,-1.6,30.5073244,6.362857963,1.8,11.11844711,6.050550163,3.2,32.17,7582.21,81.6,67.4
2009/12/31,5.78,5.94,6.49,4.76,9284,-0.25,28.91792491,5.764941872,2.7,5.687706812,3.709671513,3.84,31.99,8188.11,82.56,72.5
2010/1/31,5.72,5.7,6.37,4.79,8379,0.26,24.18006607,4.828082316,2.6,5.806166288,2.228748927,3.58,31.94,7640.44,83.28,74.4
2010/2/28,5.67,5.67,6.55,4.72,9466,2.35,24.22499546,4.728657658,2.1,8.460949464,2.460526791,3.61,32.07,7436.1,83.87,73.6
2010/3/31,5.59,5.6,6.5,4.6,8133,1.26,19.03299947,3.860216467,2.3,8.423586041,1.615427814,3.83,31.76,7920.06,84.41,73.6
2010/4/30,5.48,5.6,6.09,4.47,8593,1.35,17.38354217,3.800762205,2.2,5.423181931,1.938396493,3.65,31.34,8004.25,84.88,72.2
2010/5/31,5.27,5.33,5.73,4.38,6868,0.75,13.13995332,3.26690755,2,5.72488408,1.888336674,3.28,31.97,7373.98,85.29,73.6
2010/6/30,5.2,5.16,5.74,4.4,6089,1.21,12.84312386,3.822657824,1.1,4.388714734,1.996327232,2.93,32.13,7329.37,85.72,76
2010/7/31,5.15,5.1,5.71,4.55,6449,1.32,12.28910258,4.135663251,1.2,3.69924812,2.05681401,2.91,31.97,7760.63,86.26,67.8
2010/8/31,5.06,5.13,5.66,4.54,8785,-0.48,12.25204367,4.73357285,1.1,5.343373494,2.653641208,2.47,32.03,7616.28,86.92,68.9
2010/9/30,5.04,5.1,5.59,4.35,6847,0.3,11.78747512,4.734585117,1.1,6.084449516,3.030482461,2.51,31.26,8237.78,87.71,68.2
2010/10/31,4.91,5.04,5.4,4.3,5929,0.58,8.836682968,4.953267151,1.2,6.12147583,3.285287625,2.6,30.66,8287.09,88.51,67.7
2010/11/30,4.74,4.9,5.15,4.2,5867,1.52,8.786944463,5.205132289,1.1,8.639334522,3.166760775,2.8,30.48,8372.48,89.3,71.6
2010/12/31,4.72,4.7,5.13,4.08,5381,1.23,8.995217277,5.446555579,1.5,8.500708885,3.599340866,3.29,29.35,8972.5,89.98,74.5
2011/1/31,4.68,4.68,5.06,4.11,6082,1.1,10.97687943,6.473090575,1.6,10.24661133,4.315389981,3.37,29.28,9145.35,90.48,74.2
2011/2/28,4.58,4.7,5.15,4.1,4984,1.33,9.034538303,5.89647032,2.1,10.01882574,4.460822343,3.43,29.88,8599.65,90.79,77.5
2011/3/31,4.49,4.53,4.89,3.95,6315,1.39,9.08895133,5.971616509,2.7,10.78334015,5.161973073,3.47,29.4,8683.3,90.87,67.5
2011/4/30,4.38,4.34,4.59,3.91,4531,1.29,7.657346358,6.298451597,3.2,11.65391407,5.503093073,3.29,28.64,9007.87,90.76,69.8
2011/5/31,4.4,4.3,4.59,3.86,4720,1.66,8.024906037,5.768647685,3.6,13.53722005,5.653150793,3.06,28.68,8988.84,90.51,74.3
2011/6/30,4.4,4.4,4.65,3.95,4310,1.94,7.384831136,5.942490388,3.6,13.38646339,6.295737019,3.16,28.76,8652.59,90.12,71.5
2011/7/31,4.36,4.4,4.68,4.06,4988,1.32,7.357436967,6.292573882,3.6,15.77726218,8.096254699,2.8,28.88,8644.18,89.58,63.7
2011/8/31,4.33,4.4,4.68,4.15,8519,1.34,6.800960419,5.762899565,3.8,20.96986333,9.67228432,2.22,29.01,7741.36,88.92,55.8
2011/9/30,4.25,4.4,4.59,3.89,5162,1.38,5.516696419,5.732164575,3.9,20.03170649,9.519430811,1.92,30.49,7225.38,88.29,59.5
2011/10/31,4.26,4.3,4.63,3.88,5281,1.24,4.657041332,5.281793068,3.5,19.55178612,9.288636935,2.11,29.92,7587.69,87.89,60.8
2011/11/30,4.26,4.31,4.58,3.89,6122,1.03,3.887413004,5.182101306,3.4,19.33931306,9.607753706,2.07,30.33,6904.12,87.88,63.7
2011/12/31,4.22,4.33,4.47,3.81,5820,2.03,3.2564013,4.837727745,3,17.91256057,9.751414483,1.88,30.27,7072.08,88.35,69.9
2012/1/31,4.18,4.21,4.43,3.87,7146,2.36,2.775229774,5.133088468,2.9,19.25472567,10.31610205,1.8,29.59,7517.08,89.19,75
2012/2/29,4.2,4.2,4.54,3.89,6422,0.24,3.282843339,4.944323867,2.9,18.02042672,10.11376295,1.97,29.39,8121.44,89.98,75.3
2012/3/31,4.2,4.18,4.49,3.77,6691,1.26,3.601102123,5.12850489,2.7,17.46902188,9.91893554,2.21,29.52,7933,90.52,76.2
2012/4/30,4.21,4.13,4.4,3.72,5521,1.44,3.376236067,4.377387615,2.3,17.93885082,9.769125698,1.91,29.17,7501.72,90.81,76.4
2012/5/31,4.25,4.2,4.4,3.76,5560,1.75,3.82085569,4.644190705,1.7,16.20313144,9.397829321,1.56,29.84,7301.5,90.92,79.3
2012/6/30,4.26,4.3,4.48,3.87,4544,1.77,3.401859969,4.196674892,1.7,15.88570846,9.270025134,1.64,29.89,7296.28,90.93,73.2
2012/7/31,4.25,4.3,4.52,4.03,5604,2.47,2.971143372,3.433512782,1.4,15.98196393,7.891290814,1.47,29.99,7270.49,90.9,72.3
2012/8/31,4.28,4.28,4.56,4.2,9148,3.43,3.146418176,4.313284747,1.7,11.28391794,6.454836131,1.55,29.95,7397.06,90.92,74.3
2012/9/30,4.26,4.29,4.53,4.04,5705,2.95,3.984342352,3.70557219,2,12.5754717,7.05792219,1.63,29.31,7715.16,91.04,78.3
2012/10/31,4.27,4.3,4.55,4.06,6858,2.33,3.860731048,3.244214051,2.2,13.69978858,7.374949017,1.69,29.21,7166.05,91.33,82.6
2012/11/30,4.24,4.3,4.53,3.93,7560,1.59,4.116911515,3.495885012,1.8,11.87901008,7.542184217,1.62,29.05,7580.17,91.84,82.7
2012/12/31,4.22,4.25,4.41,3.88,6699,1.62,4.97170973,3.458913987,1.7,13.62146188,8.277347025,1.76,29.08,7699.5,92.55,72.9
2013/1/31,4.21,4.2,4.44,3.81,8252,1.11,4.460438756,2.904066997,1.6,12.48523935,7.701396238,1.98,29.53,7850.02,93.36,73.8
2013/2/28,4.19,4.2,4.54,3.85,6588,2.96,5.829682076,3.738551355,2,11.861719,7.312711405,1.88,29.66,7897.98,94.2,77.6
2013/3/31,4.21,4.18,4.44,3.81,6724,1.35,6.359485421,3.85741953,1.5,11.1545022,7.402396598,1.85,29.83,7918.61,94.98,78.6
2013/4/30,4.19,4.19,4.39,3.66,6423,1.05,6.493280201,4.075365231,1.1,11.96084566,7.098921555,1.67,29.54,8093.66,95.61,76.4
2013/5/31,4.19,4.2,4.42,3.6,5536,0.73,7.53026862,4.584186724,1.4,11.84735396,6.975947786,2.13,29.92,8254.8,96.05,84.5
2013/6/30,4.18,4.19,4.46,3.73,4806,0.6,8.555575372,5.266374745,1.8,10.79857601,6.794475613,2.49,30,8062.21,96.33,84.1
2013/7/31,4.18,4.18,4.51,3.91,6107,0.06,8.735069391,5.818100957,2,9.818574514,6.631648063,2.58,30.04,8107.94,96.54,85.1
2013/8/31,4.18,4.2,4.58,4,8712,-0.78,8.357674427,5.392596449,1.5,8.376874389,6.474464743,2.78,29.93,8021.89,96.74,82.1
2013/9/30,4.17,4.2,4.47,3.94,5768,0.85,7.859050571,5.697028838,1.2,8.334031677,6.238726374,2.61,29.63,8173.87,97.06,77.5
2013/10/31,4.17,4.2,4.49,3.93,5557,0.65,8.76933797,6.290961103,1,8.72278005,6.762245186,2.55,29.42,8450.06,97.57,73.2
2013/11/30,4.12,4.2,4.46,3.77,5406,0.67,8.651730659,5.991134949,1.2,8.094379813,6.114572048,2.74,29.63,8406.83,98.26,75.1
2013/12/31,4.11,4.15,4.43,3.63,5610,0.33,8.474309854,5.791492233,1.5,8.676392896,5.500157748,3.03,29.85,8611.51,99.06,82.5
2014/1/31,4.09,4.1,4.41,3.52,6972,0.82,9.901408337,6.05210169,1.6,8.927201518,5.703574393,2.64,30.33,8462.57,99.92,81.2
2014/2/28,4.05,4.1,4.54,3.52,5293,-0.04,8.333845294,5.822271446,1.1,10.33253676,6.451582185,2.65,30.33,8639.58,100.6,81.6
2014/3/31,4.07,4.07,4.36,3.6,5586,1.61,8.350091818,5.932127703,1.5,11.04874207,6.154399856,2.72,30.49,8849.28,101.06,80
2014/4/30,4.02,4.07,4.29,3.43,5770,1.65,8.992315533,6.178414595,2,10.60321769,6.342159206,2.65,30.22,8791.44,101.3,84.1
2014/5/31,3.98,4,4.21,3.4,4592,1.62,7.489103659,5.971224596,2.1,10.44184664,6.590716505,2.48,30.02,9075.91,101.34,81.9
2014/6/30,3.96,4,4.23,3.53,4179,1.63,6.900742027,5.378151431,2.1,11.93177311,6.519520166,2.53,29.89,9393.07,101.19,82.5
2014/7/31,3.95,3.96,4.28,3.68,5054,1.75,7.315633854,5.594842799,2,11.76493726,6.638117629,2.56,30.01,9315.85,100.97,81.8
2014/8/31,3.94,3.93,4.37,3.73,7992,2.08,7.377513762,5.746669984,1.7,9.802845608,6.331310432,2.34,29.93,9436.27,100.67,82.5
2014/9/30,3.89,3.92,4.29,3.56,4957,0.71,7.059605542,5.030137881,1.7,10.85670083,6.11412542,2.49,30.43,8966.92,100.34,84.6
2014/10/31,3.88,3.9,4.17,3.66,5298,1.06,6.515602094,4.865255902,1.7,9.337944664,5.513793607,2.34,30.45,8974.76,100.05,86.9
2014/11/30,3.86,3.87,4.11,3.62,4687,0.85,6.946359588,5.666325533,1.3,9.618008186,5.789584036,2.16,30.98,9187.15,99.9,88.8
2014/12/31,3.82,3.87,4,3.52,6463,0.61,6.230788006,6.131888287,0.8,10.21239997,5.889442682,2.17,31.67,9307.26,99.9,93.6
2015/1/31,3.76,3.8,3.94,3.42,8097,-0.93,4.138285555,5.701758384,-0.1,8.96656535,5.999566818,1.64,31.53,9361.91,99.91,98.1
2015/2/28,3.69,3.8,3.95,3.36,5963,-0.2,6.851394013,6.896198036,0,10.31204112,6.263641894,1.99,31.41,9622.1,99.86,95.4
2015/3/31,3.75,3.72,3.98,3.38,5385,-0.62,5.701974094,6.447398453,-0.1,9.011236772,6.055442046,1.92,31.34,9586.44,99.71,93
2015/4/30,3.73,3.75,3.94,3.24,5368,-0.82,5.960504169,6.699011531,-0.2,8.171810143,5.962141468,2.03,30.64,9820.05,99.54,95.9
2015/5/31,3.74,3.75,3.96,3.2,4900,-0.73,6.469656292,6.924938606,0,6.917832795,5.625828107,2.12,30.78,9701.07,99.37,90.7
2015/6/30,3.74,3.75,4.06,3.27,5218,-0.56,6.071045479,6.328294413,0.1,6.953008718,5.510378113,2.35,30.96,9323.02,99.21,96.1
2015/7/31,3.75,3.77,4.09,3.47,5460,-0.63,5.288966297,5.863797691,0.2,6.975434645,5.436617993,2.18,31.61,8665.34,99.01,93.1
2015/8/31,3.76,3.77,4.14,3.6,9208,-0.45,6.28866576,6.08441935,0.2,8.053116299,5.611358856,2.22,32.66,8174.92,98.82,91.9
2015/9/30,3.82,3.75,4.13,3.59,5775,0.29,6.871678492,6.778841444,0,6.308003628,5.747926051,2.04,32.99,8181.24,98.65,87.2
2015/10/31,3.83,3.8,4.12,3.61,6446,0.3,7.156291719,6.746090168,0.2,5.054051236,5.446135224,2.14,32.61,8554.31,98.55,90
2015/11/30,3.88,3.8,4.14,3.62,5692,0.54,6.56612645,5.978523828,0.5,6.644541243,5.85792086,2.21,32.69,8320.61,98.5,91.3
2015/12/31,3.91,3.85,4.12,3.56,6713,0.13,6.865793818,5.801958467,0.7,5.181013131,5.664575649,2.27,32.93,8338.06,98.55,92.6
2016/1/31,3.93,3.9,4.11,3.58,7369,0.8,7.080807881,5.803657011,1.4,5.282851992,6.166564501,1.92,33.41,8145.21,98.7,92
2016/2/29,3.95,3.93,4.2,3.64,6030,2.41,5.577354308,4.72858762,1,4.096642151,5.705025676,1.73,33.35,8411.16,98.97,91.7
2016/3/31,3.94,3.94,4.17,3.54,7239,2.01,6.1421024,4.70296491,0.9,5.203989725,6.140424673,1.77,32.23,8744.83,99.32,91
2016/4/30,3.96,3.93,4.14,3.5,5669,1.88,6.215029343,4.581523391,1.1,6.726951183,6.467486524,1.83,32.27,8377.9,99.75,89
2016/5/31,3.95,3.95,4.12,3.48,5831,1.23,5.723347893,3.880388846,1,8.658299215,6.759548081,1.85,32.62,8535.59,100.29,94.7
2016/6/30,3.95,3.98,4.21,3.56,5270,0.9,5.90719176,4.654087404,1,7.518223989,6.896522993,1.47,32.28,8666.58,100.92,93.5
2016/7/31,3.93,3.97,4.27,3.69,5603,1.24,6.324774083,4.707616766,0.8,6.767337808,6.940330089,1.45,31.92,8984.41,101.63,90
2016/8/31,3.93,3.99,4.31,3.78,7648,0.57,6.487314057,4.244337565,1.1,9.596960687,7.196390649,1.58,31.72,9068.85,102.36,89.8
2016/9/30,3.92,3.96,4.27,3.64,6498,0.33,5.914382875,3.982100859,1.5,9.19921234,7.177159397,1.59,31.36,9166.85,103.07,91.2
2016/10/31,3.89,3.92,4.25,3.56,5912,1.7,6.529051173,3.829370334,1.6,10.29679383,7.41724678,1.83,31.57,9290.12,103.69,87.2
2016/11/30,3.86,3.9,4.16,3.5,6271,1.97,5.96130014,3.769782093,1.7,8.72341805,7.235074809,2.38,31.88,9240.71,104.16,93.8
2016/12/31,3.84,3.83,4.08,3.43,6777,1.69,5.787699622,3.554902161,2.1,7.922580645,7.018822691,2.44,32.25,9253.5,104.57,98.2
2017/1/31,3.85,3.8,4.05,3.44,7944,2.24,6.122278096,3.539434761,2.5,9.508885299,6.523709091,2.45,31.36,9447.95,104.93,98.5
2017/2/28,3.84,3.82,4.15,3.48,6946,-0.06,4.678003556,3.451908434,2.7,8.708439898,6.387824827,2.39,30.65,9750.47,105.21,96.3
2017/3/31,3.83,3.8,4.06,3.44,8534,0.18,4.404386658,3.594938586,2.4,9.487268922,6.421647499,2.39,30.33,9811.52,105.43,96.9
2017/4/30,3.76,3.83,3.97,3.31,5662,0.09,3.688838414,3.49116387,2.2,7.947475379,6.176970804,2.28,30.21,9872,105.6,97
2017/5/31,3.76,3.8,3.94,3.32,5940,0.6,4.506844246,3.814391876,1.9,8.64167027,6.046435118,2.2,30.09,10040.72,105.81,97.1
2017/6/30,3.75,3.79,3.99,3.41,6136,1,4.871428758,3.570124903,1.6,8.672070018,5.688496734,2.3,30.43,10395.07,106.04,95.1
2017/7/31,3.75,3.8,4.07,3.55,6113,0.77,4.825873499,3.26395766,1.7,9.34582319,5.672074924,2.29,30.21,10427.33,106.29,93.4
2017/8/31,3.74,3.8,4.1,3.63,7421,0.96,4.706102648,3.744963673,1.9,8.066314996,5.402842871,2.12,30.19,10585.78,106.55,96.8
2017/9/30,3.71,3.8,3.97,3.51,6482,0.49,4.546205665,3.578383869,2.2,7.273164428,5.250276209,2.33,30.32,10383.94,106.83,95.1
2017/10/31,3.71,3.7,3.97,3.47,5519,-0.33,4.422003883,3.790061327,2,8.12659367,5.111255296,2.38,30.17,10793.8,107.18,100.7
2017/11/30,3.71,3.7,3.92,3.45,6070,0.34,4.529371471,4.011202038,2.2,8.118906348,4.75579577,2.41,30,10560.44,107.55,98.5
2017/12/31,3.71,3.69,3.87,3.39,5983,1.22,3.484721786,3.555253917,2.1,8.165949307,4.87762423,2.41,29.8,10642.86,107.87,95.9
2018/1/31,3.7,3.7,3.84,3.37,8606,0.89,3.232671273,3.212086038,2.1,7.712507007,4.413779605,2.71,29.14,11103.79,108.13,95.7
2018/2/28,3.71,3.7,3.89,3.46,6023,2.2,5.553227304,3.640931872,2.2,6.281613928,4.143336228,2.86,29.22,10815.47,108.41,99.7
2018/3/31,3.7,3.7,3.87,3.39,6708,1.59,5.296114708,3.454814275,2.4,6.200585015,4.046354706,2.74,29.12,10919.49,108.74,101.4
2018/4/30,3.72,3.69,3.85,3.37,6202,2.01,5.928041149,3.466936345,2.5,6.003996872,3.736772242,2.95,29.6,10657.88,109.13,98.8
2018/5/31,3.71,3.7,3.84,3.37,6507,1.75,5.789094013,4.012797345,2.8,3.889015238,3.76049815,2.86,29.96,10874.96,109.45,98
2018/6/30,3.71,3.7,3.89,3.46,6339,1.4,5.424169766,3.758239249,2.9,3.635538667,4.014986135,2.86,30.49,10836.91,109.56,98.2
2018/7/31,3.71,3.7,3.98,3.59,6594,1.75,6.003913477,3.747241404,2.9,3.697232711,3.8219507,2.96,30.61,11057.51,109.5,97.9
2018/8/31,3.71,3.7,4.01,3.69,7376,1.54,4.894956213,3.169727774,2.7,2.937156565,3.712235898,2.86,30.72,11063.94,109.28,96.2
2018/9/30,3.71,3.7,3.9,3.58,7200,1.72,5.447060819,3.329321717,2.3,3.664584092,3.60842403,3.06,30.54,11006.34,108.99,100.1
2018/10/31,3.71,3.7,3.9,3.56,7442,1.16,5.015383059,3.033920401,2.5,3.343136167,3.285379191,3.14,30.97,9802.13,108.75,98.6
2018/11/30,3.7,3.7,3.85,3.51,6700,0.29,5.435303355,3.223464512,2.2,2.060007722,3.165964971,2.99,30.84,9888.03,108.71,97.5
2018/12/31,3.71,3.7,3.81,3.47,5981,-0.06,5.821267404,2.653676038,1.9,4.261081021,3.642687564,2.68,30.71,9727.41,109,98.3
2019/1/31,3.72,3.7,3.79,3.45,8998,0.18,7.073538546,3.376867918,1.6,2.583066261,4.039741307,2.63,30.74,9932.26,109.66,91.2
2019/2/28,3.72,3.72,3.89,3.51,6268,0.21,5.967714304,2.986194037,1.5,3.821250692,4.007964176,2.72,30.77,10389.17,110.61,93.8
2019/3/31,3.72,3.7,3.86,3.45,8466,0.56,7.554080743,3.340045343,1.9,1.906190346,3.863223146,2.41,30.82,10641.04,111.57,98.4
2019/4/30,3.73,3.7,3.86,3.43,7243,0.66,7.6116253,3.614093682,2,3.385245902,3.947443669,2.5,30.9,10967.73,112.35,97.2
2019/5/31,3.74,3.7,3.85,3.44,6934,0.93,7.101834725,3.134398989,1.8,3.661339755,4.24283843,2.12,31.6,10498.49,112.91,100
2019/6/30,3.72,3.8,3.87,3.55,5732,0.85,7.871179594,3.360001795,1.6,4.758516897,4.637822967,2.01,31.06,10730.83,113.3,98.2
2019/7/31,3.71,3.72,3.9,3.71,8676,0.39,7.325088242,3.255907705,1.8,4.905157889,4.9606767,2.01,31.09,10823.81,113.62,98.4
2019/8/31,3.73,3.7,3.94,3.81,7716,0.43,7.570471985,3.511143201,1.7,4.468350314,5.170894065,1.5,31.4,10618.05,113.91,89.8
2019/9/30,3.76,3.7,3.84,3.75,7632,0.42,7.666510518,3.556260013,1.7,5.389043539,5.594917293,1.66,31.03,10829.68,114.18,93.2
2019/10/31,3.73,3.7,3.84,3.68,7646,0.37,7.213210269,4.226649778,1.8,5.589411796,6.456670768,1.69,30.45,11358.71,114.32,95.5
2019/11/30,3.74,3.7,3.81,3.64,6783,0.58,7.874438775,4.225351985,2.1,6.717284985,7.06198022,1.78,30.51,11489.57,114.26,96.8
2019/12/31,3.72,3.71,3.72,3.6,8265,1.15,7.589975517,4.524860381,2.3,6.57831964,6.670055073,1.92,30.04,11997.14,113.91,99.3
2020/1/31,3.72,3.71,3.69,3.58,8244,1.86,7.232389758,4.597978121,2.5,6.2376502,6.694386694,1.51,30.22,11495.1,113.31,99.8
2020/2/29,3.72,3.74,3.78,3.6,6365,-0.2,7.432010897,4.475101527,2.3,6.11124437,6.775444198,1.15,30.29,11292.17,112.66,101
2020/3/31,3.77,3.8,3.83,3.58,9135,-0.02,7.40143798,4.475001686,1.5,14.02499398,10.12274378,0.67,30.24,9708.06,112.35,89.1
2020/4/30,4.09,3.8,4.12,3.91,11254,-0.97,7.483701099,4.178881204,0.3,26.70789397,16.89429888,0.64,29.77,10992.14,112.92,71.8
2020/5/31,4.14,4.2,4.14,3.98,14123,-1.21,9.464950227,4.962596921,0.1,328.8105169,21.90709681,0.65,30.02,10942.16,114.44,72.3
2020/6/30,3.94,4.21,4,3.91,11317,-0.74,9.684390366,5.317046369,0.6,332.5488455,22.8626412,0.66,29.57,11621.24,116.59,78.1
2020/7/31,3.89,3.9,4.02,3.98,9771,-0.51,10.73750431,6.268789986,1,334.3496619,23.21806396,0.53,29.4,12664.8,118.96,72.5
2020/8/31,3.83,3.9,4,3.97,8051,-0.33,11.33643506,6.720412645,1.3,337.7999118,23.00698644,0.7,29.43,12591.45,121.31,74.1
2020/9/30,3.8,3.8,3.89,3.75,9460,-0.58,11.79427497,7.040748752,1.4,340.0205155,23.78182448,0.68,29.04,12515.61,123.48,80.4
2020/10/31,3.77,3.8,3.86,3.73,7496,-0.26,13.43642578,7.015742536,1.2,341.3109252,23.69954031,0.87,28.77,12546.34,125.4,81.8
2020/11/30,3.77,3.73,3.87,3.6,7362,0.09,14.9699303,7.576574794,1.2,345.8564375,24.3212922,0.84,28.66,13722.89,126.93,76.9
2020/12/31,3.74,3.78,3.8,3.53,6931,0.04,16.89194347,9.361239727,1.4,343.3228887,24.75931256,0.91,28.3,14732.53,128.02,80.7
2021/1/31,3.74,3.74,3.76,3.54,7276,-0.19,17.54015452,8.108860879,1.4,354.8911677,25.72356456,1.07,28.21,15138.31,128.68,79
2021/2/28,3.73,3.74,3.81,3.57,6523,1.38,18.33098682,9.168408056,1.7,361.2121364,26.86161434,1.4,28.09,15953.8,129.02,76.8
2021/3/31,3.71,3.7,3.77,3.55,6970,1.22,17.7369075,8.700128967,2.6,337.3222248,24.16717255,1.74,28.53,16431.13,129.1,84.9
2021/4/30,3.69,3.7,3.73,3.53,6063,2.11,18.11061528,8.991428634,4.2,294.9129211,18.35317927,1.63,27.93,17566.66,129.06,88.3
2021/5/31,4.19,3.72,4.18,4.03,5366,2.45,17.4123697,9.218578428,5,18.614644,14.46017332,1.59,27.62,17068.43,129.08,82.9
2021/6/30,4.76,4.25,4.78,4.83,7684,1.83,17.09919816,8.913932012,5.4,16.9054995,13.09970935,1.47,27.86,17755.46,129.5,85.5
2021/7/31,4.39,4.7,4.4,4.69,10683,1.91,15.9707117,8.714787774,5.4,16.50484279,12.99825552,1.22,27.96,17247.41,130.48,81.2
2021/8/31,4.08,4.2,4.19,4.31,8837,2.34,15.1892118,8.593369829,5.3,16.91856504,13.63894037,1.31,27.76,17490.29,131.66,70.3
2021/9/30,3.93,4,3.95,3.97,8839,2.6,15.21620759,8.885036898,5.4,15.77751099,12.84847637,1.49,27.85,16934.77,132.79,72.8
2021/10/31,3.81,3.8,3.78,3.9,6458,2.55,14.81251097,8.511558622,6.2,15.42817966,12.74380509,1.55,27.81,16987.41,133.7,71.7
2021/11/30,3.69,3.8,3.74,3.56,6060,2.84,13.134242,8.176367612,6.8,14.99906298,12.48964342,1.44,27.8,17427.76,134.19,67.4
2021/12/31,3.7,3.7,3.7,3.56,5359,2.63,12.08749779,7.347024616,7,14.97175617,12.74615465,1.51,27.68,18218.84,134.33,70.6
2022/1/31,3.7,3.7,3.67,3.55,6150,2.83,11.87148582,8.525705195,7.5,13.30456452,11.3941642,1.78,27.83,17674.4,134.15,67.2
2022/2/28,3.67,3.68,3.75,3.53,4856,2.33,11.25272377,7.650919047,7.9,11.82288008,10.04974363,1.83,28.02,17652.18,133.7,62.8
2022/3/31,3.7,3.68,3.68,3.64,6757,3.27,10.39497712,8.218761781,8.5,10.89549916,9.361753603,2.34,28.63,17693.47,133.06,59.4
2022/4/30,3.68,3.85,3.62,3.63,5076,3.37,9.0613174,8.243570709,8.3,9.071991803,7.758534985,2.93,29.48,16592.18,132.15,65.2
2022/5/31,3.73,3.7,3.69,3.66,5056,3.39,8.279181476,7.488893228,8.6,7.115943533,6.035512226,2.84,29.05,16807.77,131.01,58.4
2022/6/30,3.73,3.78,3.78,3.7,5263,3.59,7.030860612,7.346680767,9.1,6.451712881,5.656145005,3.01,29.72,14825.73,129.81,50
2022/7/31,3.68,3.71,3.8,3.77,6114,3.35,7.373534601,6.897763937,8.5,5.394018818,5.033102327,2.65,29.94,15000.07,128.78,51.5
2022/8/31,3.67,3.7,3.78,3.8,6642,2.68,7.480257771,6.955323065,8.3,3.772150744,3.887146133,3.19,30.44,15095.44,128.06,58.2
2022/9/30,3.64,3.7,3.68,3.64,5966,2.76,5.604801586,6.892367005,8.2,2.081970019,2.665973421,3.83,31.77,13424.58,127.6,58.6
2022/10/31,3.64,3.6,3.62,3.67,5920,2.74,4.650591365,7.491333912,7.7,0.307460407,1.493661175,4.05,32.22,12949.75,127.54,59.9
2022/11/30,3.64,3.65,3.58,3.65,5952,2.35,4.69772108,7.51568811,7.1,-1.421707333,0.379527116,3.61,30.9,14879.55,127.95,56.8
2022/12/31,3.61,3.65,3.56,3.48,6408,2.71,3.331171039,6.744069982,6.5,-3.2943174,-0.893723057,3.87,30.72,14137.69,128.8,59.7
